{"v":"5.5.8","fr":29.9700012207031,"ip":0,"op":210.000008553475,"w":180,"h":220,"nm":"5","ddd":0,"assets":[{"id":"comp_0","layers":[{"ddd":0,"ind":1,"ty":4,"nm":"Group 5658","sr":1,"ks":{"o":{"a":0,"k":100,"ix":11},"r":{"a":0,"k":0,"ix":10},"p":{"a":0,"k":[49.994,41.269,0],"ix":2},"a":{"a":0,"k":[0,0,0],"ix":1},"s":{"a":0,"k":[100,100,100],"ix":6}},"ao":0,"shapes":[{"ty":"rc","d":1,"s":{"a":0,"k":[99.989,82.539],"ix":2},"p":{"a":0,"k":[0,0],"ix":3},"r":{"a":0,"k":0,"ix":4},"nm":"Rectangle Path 1","mn":"ADBE Vector Shape - Rect","hd":false}],"ip":0,"op":1798.20007324219,"st":0,"bm":0},{"ddd":0,"ind":2,"ty":4,"nm":"noun dizziness 2101908","parent":1,"sr":1,"ks":{"o":{"a":0,"k":100,"ix":11},"r":{"a":0,"k":0,"ix":10},"p":{"a":0,"k":[-15.487,29.815,0],"ix":2},"a":{"a":0,"k":[0,0,0],"ix":1},"s":{"a":0,"k":[100,100,100],"ix":6}},"ao":0,"shapes":[{"ty":"rc","d":1,"s":{"a":0,"k":[18.962,22.909],"ix":2},"p":{"a":0,"k":[0,0],"ix":3},"r":{"a":0,"k":0,"ix":4},"nm":"Rectangle Path 1","mn":"ADBE Vector Shape - Rect","hd":false}],"ip":0,"op":1798.20007324219,"st":0,"bm":0},{"ddd":0,"ind":3,"ty":4,"nm":"Group 1943","parent":2,"sr":1,"ks":{"o":{"a":0,"k":100,"ix":11},"r":{"a":0,"k":0,"ix":10},"p":{"a":0,"k":[0,0,0],"ix":2},"a":{"a":0,"k":[0,0,0],"ix":1},"s":{"a":0,"k":[100,100,100],"ix":6}},"ao":0,"shapes":[{"ty":"rc","d":1,"s":{"a":0,"k":[18.962,22.909],"ix":2},"p":{"a":0,"k":[0,0],"ix":3},"r":{"a":0,"k":0,"ix":4},"nm":"Rectangle Path 1","mn":"ADBE Vector Shape - Rect","hd":false}],"ip":0,"op":1798.20007324219,"st":0,"bm":0},{"ddd":0,"ind":4,"ty":4,"nm":"Path 4477","parent":3,"sr":1,"ks":{"o":{"a":0,"k":100,"ix":11},"r":{"a":0,"k":0,"ix":10},"p":{"a":0,"k":[1.079,4.093,0],"ix":2},"a":{"a":0,"k":[3.262,1.131,0],"ix":1},"s":{"a":0,"k":[100,100,100],"ix":6}},"ao":0,"shapes":[{"ty":"gr","it":[{"ind":0,"ty":"sh","ix":1,"ks":{"a":0,"k":{"i":[[0.382,-0.024],[0.867,0.329],[0.109,0.097],[-0.075,0.099],[-0.01,0.009],[-0.111,0.079],[-0.739,0.114],[-0.99,-0.285],[-0.223,-0.122],[-0.079,-0.1],[0.108,-0.121],[0,0],[0.183,-0.13],[0.584,-0.067]],"o":[[-0.923,-0.043],[-0.135,-0.055],[-0.098,-0.075],[0.008,-0.009],[0.09,-0.103],[0.619,-0.419],[1.006,-0.161],[0.242,0.077],[0.11,0.064],[0.121,0.108],[0,0],[-0.147,0.169],[-0.493,0.339],[-0.378,0.043]],"v":[[3.152,2.262],[0.456,1.772],[0.087,1.542],[0.046,1.228],[0.072,1.201],[0.375,0.928],[2.439,0.118],[5.44,0.219],[6.139,0.518],[6.425,0.767],[6.449,1.183],[6.437,1.195],[5.939,1.644],[4.294,2.187]],"c":true},"ix":2},"nm":"Path 1","mn":"ADBE Vector Shape - Group","hd":false},{"ty":"tr","p":{"a":0,"k":[0,0],"ix":2},"a":{"a":0,"k":[0,0],"ix":1},"s":{"a":0,"k":[100,100],"ix":3},"r":{"a":0,"k":0,"ix":6},"o":{"a":0,"k":100,"ix":7},"sk":{"a":0,"k":0,"ix":4},"sa":{"a":0,"k":0,"ix":5},"nm":"Transform"}],"nm":"Path 4477","np":1,"cix":2,"bm":0,"ix":1,"mn":"ADBE Vector Group","hd":false}],"ip":0,"op":1798.20007324219,"st":0,"bm":0},{"ddd":0,"ind":5,"ty":4,"nm":"Path 4476","parent":3,"sr":1,"ks":{"o":{"a":0,"k":100,"ix":11},"r":{"a":0,"k":0,"ix":10},"p":{"a":0,"k":[1.653,-2.373,0],"ix":2},"a":{"a":0,"k":[5.128,1.25,0],"ix":1},"s":{"a":0,"k":[100,100,100],"ix":6}},"ao":0,"shapes":[{"ty":"gr","it":[{"ind":0,"ty":"sh","ix":1,"ks":{"a":0,"k":{"i":[[-0.993,0.033],[-1.095,-0.283],[-0.294,-0.147],[-0.118,-0.143],[0.107,-0.12],[0.014,-0.011],[0.183,-0.065],[0.607,-0.104],[1.595,0.128],[0.826,0.237],[0.125,0.057],[-0.039,0.121],[-0.023,0.025],[-0.132,0.084],[-0.848,0.153]],"o":[[1.027,0.032],[0.315,0.087],[0.162,0.09],[0.12,0.106],[-0.011,0.014],[-0.136,0.139],[-0.596,0.157],[-1.578,0.265],[-0.856,-0.063],[-0.132,-0.038],[-0.12,-0.039],[0.011,-0.032],[0.101,-0.119],[0.727,-0.46],[0.885,-0.17]],"v":[[5.571,0],[8.818,0.362],[9.734,0.713],[10.158,1.066],[10.183,1.477],[10.145,1.513],[9.659,1.824],[7.854,2.231],[3.075,2.438],[0.545,1.988],[0.159,1.845],[0.011,1.554],[0.062,1.469],[0.413,1.163],[2.797,0.235]],"c":true},"ix":2},"nm":"Path 1","mn":"ADBE Vector Shape - Group","hd":false},{"ty":"tr","p":{"a":0,"k":[0,0],"ix":2},"a":{"a":0,"k":[0,0],"ix":1},"s":{"a":0,"k":[100,100],"ix":3},"r":{"a":0,"k":0,"ix":6},"o":{"a":0,"k":100,"ix":7},"sk":{"a":0,"k":0,"ix":4},"sa":{"a":0,"k":0,"ix":5},"nm":"Transform"}],"nm":"Path 4476","np":1,"cix":2,"bm":0,"ix":1,"mn":"ADBE Vector Group","hd":false}],"ip":0,"op":1798.20007324219,"st":0,"bm":0},{"ddd":0,"ind":6,"ty":4,"nm":"Path 4475","parent":3,"sr":1,"ks":{"o":{"a":0,"k":100,"ix":11},"r":{"a":0,"k":0,"ix":10},"p":{"a":0,"k":[-3.534,0,0],"ix":2},"a":{"a":0,"k":[5.947,11.454,0],"ix":1},"s":{"a":0,"k":[100,100,100],"ix":6}},"ao":0,"shapes":[{"ty":"gr","it":[{"ind":0,"ty":"sh","ix":1,"ks":{"a":0,"k":{"i":[[0,0],[0.352,-0.027],[2.009,-0.844],[0.847,-0.736],[0.219,-1.068],[-0.319,-0.616],[-0.972,-0.501],[0.13,-0.417],[0.075,-0.303],[-0.276,-0.708],[-0.741,-0.651],[-0.085,-0.095],[-0.001,-0.169],[-0.145,-0.579],[-0.86,-0.785],[-1.025,-0.168],[-0.212,-0.029],[0,0],[0,0]],"o":[[-0.35,0.03],[-2.164,0.169],[-1.026,0.431],[-0.805,0.698],[-0.145,0.708],[0.511,0.987],[0.382,0.198],[-0.092,0.299],[-0.192,0.761],[0.359,0.919],[0.096,0.084],[0.113,0.125],[0.013,0.587],[0.279,1.113],[0.772,0.706],[0.211,0.034],[0,0],[0,0],[0,0]],"v":[[11.894,0],[10.84,0.088],[4.562,1.531],[1.703,3.202],[0.079,5.797],[0.439,7.766],[2.742,9.924],[3.066,10.699],[2.773,11.591],[3.022,13.791],[4.697,16.179],[4.968,16.447],[5.145,16.903],[5.298,18.657],[6.913,21.557],[9.637,22.819],[10.275,22.908],[0,22.908],[0,0]],"c":true},"ix":2},"nm":"Path 1","mn":"ADBE Vector Shape - Group","hd":false},{"ty":"tr","p":{"a":0,"k":[0,0],"ix":2},"a":{"a":0,"k":[0,0],"ix":1},"s":{"a":0,"k":[100,100],"ix":3},"r":{"a":0,"k":0,"ix":6},"o":{"a":0,"k":100,"ix":7},"sk":{"a":0,"k":0,"ix":4},"sa":{"a":0,"k":0,"ix":5},"nm":"Transform"}],"nm":"Path 4475","np":1,"cix":2,"bm":0,"ix":1,"mn":"ADBE Vector Group","hd":false}],"ip":0,"op":1798.20007324219,"st":0,"bm":0},{"ddd":0,"ind":7,"ty":4,"nm":"Path 4474","parent":3,"sr":1,"ks":{"o":{"a":0,"k":100,"ix":11},"r":{"a":0,"k":0,"ix":10},"p":{"a":0,"k":[-0.022,0,0],"ix":2},"a":{"a":0,"k":[9.431,11.454,0],"ix":1},"s":{"a":0,"k":[100,100,100],"ix":6}},"ao":0,"shapes":[{"ty":"gr","it":[{"ind":0,"ty":"sh","ix":1,"ks":{"a":0,"k":{"i":[[0,0],[-0.168,-0.01],[-1.436,-0.405],[0.006,-0.378],[0.351,-0.069],[0.161,0.042],[1.044,0.105],[1.195,-0.071],[1.365,-0.362],[1.116,-0.746],[0.344,-0.437],[-0.639,-0.666],[-0.605,-0.307],[-0.207,0.201],[-0.591,0.323],[-1.141,0.147],[-1.605,-0.267],[-0.755,-0.425],[-0.244,-0.542],[0.653,-0.416],[0.561,-0.147],[1.128,-0.052],[0.803,0.023],[1.441,0.583],[0.121,-0.378],[-0.299,-0.676],[-0.352,-0.352],[-0.224,0.219],[-0.726,0.305],[-1.196,-0.145],[-0.539,-0.127],[-0.425,-0.304],[-0.108,-0.571],[0.15,-0.278],[0.614,-0.341],[0.98,-0.038],[1.211,0.485],[-0.007,-0.363],[-0.531,-0.624],[-1.055,0.005],[-0.146,-0.024],[-0.13,-0.077],[0.069,-0.338],[0.321,-0.075],[0.09,-0.018],[0,0],[0.212,0.035],[0.774,0.705],[0.279,1.113],[0.014,0.588],[0.112,0.125],[0.096,0.084],[0.359,0.919],[-0.192,0.761],[-0.092,0.299],[0.382,0.198],[0.512,0.988],[-0.145,0.708],[-0.805,0.699],[-1.025,0.431],[-2.165,0.169],[-0.352,0.029]],"o":[[0.168,0.022],[1.489,0.091],[0.369,0.085],[-0.002,0.358],[-0.165,0.026],[-1.015,-0.264],[-1.192,-0.11],[-1.411,0.075],[-1.3,0.333],[-0.46,0.31],[-0.582,0.717],[0.464,0.495],[0.208,0.11],[0.484,-0.469],[1.012,-0.548],[1.609,-0.234],[0.845,0.144],[0.528,0.271],[0.344,0.791],[-0.494,0.304],[-1.09,0.293],[-0.802,0.046],[-1.554,-0.044],[-0.361,-0.146],[-0.23,0.702],[0.203,0.453],[0.21,0.219],[0.57,-0.543],[1.104,-0.484],[0.551,0.061],[0.51,0.111],[0.479,0.33],[0.043,0.314],[-0.305,0.649],[-0.863,0.465],[-1.304,0.063],[-0.339,-0.132],[0.019,0.832],[0.692,0.813],[0.147,-0.007],[0.149,0.025],[0.264,0.174],[-0.063,0.322],[-0.087,0.026],[0,0],[-0.213,-0.03],[-1.025,-0.167],[-0.86,-0.785],[-0.145,-0.578],[-0.001,-0.168],[-0.086,-0.094],[-0.741,-0.651],[-0.276,-0.708],[0.076,-0.303],[0.129,-0.417],[-0.972,-0.502],[-0.318,-0.615],[0.22,-1.068],[0.848,-0.735],[2.009,-0.843],[0.352,-0.028],[0,0]],"v":[[13.339,0],[13.841,0.065],[18.241,0.81],[18.863,1.604],[18.257,2.338],[17.763,2.315],[14.67,1.762],[11.084,1.702],[6.908,2.359],[3.259,3.989],[2.045,5.116],[2.146,7.537],[3.761,8.75],[4.357,8.615],[5.977,7.422],[9.234,6.371],[14.086,6.419],[16.509,7.205],[17.701,8.46],[17.016,10.686],[15.426,11.366],[12.088,11.886],[9.678,11.922],[5.15,10.975],[4.444,11.294],[4.551,13.434],[5.39,14.653],[5.999,14.659],[7.959,13.375],[11.471,12.859],[13.106,13.142],[14.523,13.77],[15.44,15.177],[15.274,16.088],[13.839,17.519],[11.038,18.284],[7.222,17.643],[6.799,17.935],[7.683,20.097],[10.323,21.265],[10.762,21.29],[11.184,21.445],[11.561,22.199],[10.931,22.852],[10.66,22.909],[10.247,22.909],[9.609,22.82],[6.885,21.558],[5.269,18.658],[5.116,16.903],[4.94,16.447],[4.668,16.18],[2.993,13.791],[2.743,11.591],[3.038,10.699],[2.713,9.924],[0.409,7.766],[0.05,5.797],[1.674,3.202],[4.533,1.53],[10.812,0.089],[11.865,0]],"c":true},"ix":2},"nm":"Path 1","mn":"ADBE Vector Shape - Group","hd":false},{"ind":1,"ty":"sh","ix":2,"ks":{"a":0,"k":{"i":[[0,0],[0.885,-0.169],[0.727,-0.46],[0.101,-0.119],[-0.093,-0.086],[-0.032,-0.011],[-0.132,-0.039],[-0.857,-0.063],[-1.578,0.266],[-0.596,0.158],[-0.136,0.139],[0.099,0.126],[0.014,0.012],[0.162,0.09],[0.317,0.087],[1.028,0.032]],"o":[[-0.993,0.034],[-0.847,0.154],[-0.132,0.083],[-0.086,0.093],[0.025,0.023],[0.125,0.057],[0.825,0.237],[1.595,0.128],[0.607,-0.104],[0.183,-0.065],[0.127,-0.099],[-0.011,-0.014],[-0.118,-0.142],[-0.293,-0.147],[-1.094,-0.283],[0,0]],"v":[[11.548,7.831],[8.773,8.066],[6.39,8.995],[6.038,9.301],[6.051,9.626],[6.137,9.678],[6.522,9.82],[9.053,10.27],[13.831,10.063],[15.636,9.655],[16.122,9.345],[16.172,8.937],[16.135,8.897],[15.711,8.545],[14.793,8.195],[11.548,7.831]],"c":true},"ix":2},"nm":"Path 2","mn":"ADBE Vector Shape - Group","hd":false},{"ind":2,"ty":"sh","ix":3,"ks":{"a":0,"k":{"i":[[0,0],[-0.379,0.043],[-0.493,0.34],[-0.148,0.169],[0.115,0.115],[0,0],[0.11,0.064],[0.242,0.077],[1.007,-0.161],[0.619,-0.42],[0.09,-0.102],[-0.083,-0.091],[-0.01,-0.008],[-0.135,-0.054],[-0.923,-0.043]],"o":[[0.381,-0.024],[0.584,-0.067],[0.183,-0.129],[0.115,-0.115],[0,0],[-0.079,-0.099],[-0.223,-0.122],[-0.99,-0.285],[-0.739,0.114],[-0.112,0.079],[-0.091,0.085],[0.009,0.009],[0.108,0.097],[0.867,0.33],[0,0]],"v":[[10.423,16.678],[11.565,16.603],[13.211,16.059],[13.709,15.61],[13.708,15.194],[13.696,15.183],[13.41,14.935],[12.711,14.635],[9.71,14.534],[7.647,15.344],[7.343,15.616],[7.33,15.933],[7.359,15.958],[7.727,16.187],[10.423,16.678]],"c":true},"ix":2},"nm":"Path 3","mn":"ADBE Vector Shape - Group","hd":false},{"ty":"fl","c":{"a":0,"k":[1,0.650980392157,0.227450980392,1],"ix":4},"o":{"a":0,"k":100,"ix":5},"r":1,"bm":0,"nm":"Fill 1","mn":"ADBE Vector Graphic - Fill","hd":false},{"ty":"tr","p":{"a":0,"k":[0,0],"ix":2},"a":{"a":0,"k":[0,0],"ix":1},"s":{"a":0,"k":[100,100],"ix":3},"r":{"a":0,"k":0,"ix":6},"o":{"a":0,"k":100,"ix":7},"sk":{"a":0,"k":0,"ix":4},"sa":{"a":0,"k":0,"ix":5},"nm":"Transform"}],"nm":"Path 4474","np":4,"cix":2,"bm":0,"ix":1,"mn":"ADBE Vector Group","hd":false}],"ip":0,"op":1798.20007324219,"st":0,"bm":0},{"ddd":0,"ind":8,"ty":4,"nm":"Path 4473","parent":3,"sr":1,"ks":{"o":{"a":0,"k":100,"ix":11},"r":{"a":0,"k":0,"ix":10},"p":{"a":0,"k":[0.832,0,0],"ix":2},"a":{"a":0,"k":[8.649,11.454,0],"ix":1},"s":{"a":0,"k":[100,100,100],"ix":6}},"ao":0,"shapes":[{"ty":"gr","it":[{"ind":0,"ty":"sh","ix":1,"ks":{"a":0,"k":{"i":[[0.167,0.022],[0,0],[0,0],[0,0],[-0.089,0.026],[-0.063,0.322],[0.265,0.174],[0.15,0.026],[0.147,-0.007],[0.692,0.813],[0.018,0.832],[-0.338,-0.132],[-1.303,0.063],[-0.863,0.466],[-0.305,0.649],[0.042,0.314],[0.478,0.33],[0.511,0.111],[0.55,0.06],[1.104,-0.483],[0.57,-0.544],[0.21,0.218],[0.203,0.453],[-0.23,0.701],[-0.363,-0.145],[-1.555,-0.044],[-0.802,0.047],[-1.09,0.293],[-0.494,0.304],[0.343,0.791],[0.528,0.272],[0.844,0.143],[1.609,-0.234],[1.012,-0.548],[0.484,-0.468],[0.208,0.109],[0.464,0.495],[-0.582,0.717],[-0.46,0.31],[-1.299,0.334],[-1.411,0.076],[-1.192,-0.11],[-1.015,-0.264],[-0.164,0.026],[-0.003,0.358],[0.369,0.085],[1.489,0.091]],"o":[[0,0],[0,0],[0,0],[0.091,-0.018],[0.319,-0.076],[0.069,-0.338],[-0.13,-0.078],[-0.145,-0.023],[-1.055,0.005],[-0.53,-0.623],[-0.007,-0.362],[1.211,0.485],[0.98,-0.037],[0.615,-0.34],[0.151,-0.279],[-0.109,-0.572],[-0.425,-0.303],[-0.538,-0.127],[-1.196,-0.147],[-0.726,0.306],[-0.224,0.218],[-0.351,-0.352],[-0.299,-0.676],[0.121,-0.378],[1.44,0.583],[0.802,0.024],[1.128,-0.053],[0.562,-0.146],[0.653,-0.416],[-0.244,-0.541],[-0.755,-0.424],[-1.605,-0.267],[-1.141,0.148],[-0.591,0.323],[-0.208,0.202],[-0.606,-0.307],[-0.64,-0.667],[0.344,-0.437],[1.117,-0.746],[1.366,-0.361],[1.195,-0.07],[1.045,0.105],[0.161,0.041],[0.351,-0.069],[0.005,-0.378],[-1.435,-0.405],[-0.168,-0.01]],"v":[[11.703,0],[17.298,0],[17.298,22.908],[9.023,22.908],[9.296,22.852],[9.926,22.199],[9.548,21.445],[9.126,21.289],[8.687,21.265],[6.047,20.096],[5.163,17.934],[5.586,17.643],[9.402,18.283],[12.203,17.518],[13.638,16.088],[13.804,15.176],[12.888,13.769],[11.469,13.14],[9.836,12.859],[6.323,13.373],[4.363,14.658],[3.754,14.651],[2.915,13.433],[2.808,11.293],[3.515,10.973],[8.043,11.921],[10.453,11.885],[13.79,11.365],[15.38,10.685],[16.065,8.459],[14.874,7.203],[12.45,6.419],[7.599,6.369],[4.341,7.421],[2.722,8.613],[2.126,8.749],[0.51,7.536],[0.409,5.115],[1.622,3.987],[5.272,2.357],[9.448,1.701],[13.033,1.76],[16.127,2.314],[16.621,2.337],[17.228,1.603],[16.606,0.809],[12.207,0.063]],"c":true},"ix":2},"nm":"Path 1","mn":"ADBE Vector Shape - Group","hd":false},{"ty":"tr","p":{"a":0,"k":[0,0],"ix":2},"a":{"a":0,"k":[0,0],"ix":1},"s":{"a":0,"k":[100,100],"ix":3},"r":{"a":0,"k":0,"ix":6},"o":{"a":0,"k":100,"ix":7},"sk":{"a":0,"k":0,"ix":4},"sa":{"a":0,"k":0,"ix":5},"nm":"Transform"}],"nm":"Path 4473","np":1,"cix":2,"bm":0,"ix":1,"mn":"ADBE Vector Group","hd":false}],"ip":0,"op":1798.20007324219,"st":0,"bm":0},{"ddd":0,"ind":9,"ty":4,"nm":"Path 2174","parent":1,"sr":1,"ks":{"o":{"a":0,"k":100,"ix":11},"r":{"a":0,"k":0,"ix":10},"p":{"a":0,"k":[-9.168,-0.663,0],"ix":2},"a":{"a":0,"k":[2.031,2.031,0],"ix":1},"s":{"a":0,"k":[100,100,100],"ix":6}},"ao":0,"shapes":[{"ty":"gr","it":[{"ind":0,"ty":"sh","ix":1,"ks":{"a":0,"k":{"i":[[-1.122,0],[0,-1.122],[1.122,0],[0,1.122]],"o":[[1.122,0],[0,1.122],[-1.122,0],[0,-1.122]],"v":[[2.031,0],[4.062,2.031],[2.031,4.062],[0,2.031]],"c":true},"ix":2},"nm":"Path 1","mn":"ADBE Vector Shape - Group","hd":false},{"ty":"op","nm":"Offset Paths 1","a":{"a":0,"k":-0.5,"ix":1},"lj":1,"ml":{"a":0,"k":4,"ix":3},"ix":3,"mn":"ADBE Vector Filter - Offset","hd":false},{"ty":"tr","p":{"a":0,"k":[0,0],"ix":2},"a":{"a":0,"k":[0,0],"ix":1},"s":{"a":0,"k":[100,100],"ix":3},"r":{"a":0,"k":0,"ix":6},"o":{"a":0,"k":100,"ix":7},"sk":{"a":0,"k":0,"ix":4},"sa":{"a":0,"k":0,"ix":5},"nm":"Transform"}],"nm":"Path 2174 Stroke","np":3,"cix":2,"bm":0,"ix":1,"mn":"ADBE Vector Group","hd":false},{"ty":"gr","it":[{"ind":0,"ty":"sh","ix":1,"ks":{"a":0,"k":{"i":[[-1.122,0],[0,-1.122],[1.122,0],[0,1.122]],"o":[[1.122,0],[0,1.122],[-1.122,0],[0,-1.122]],"v":[[2.031,0],[4.062,2.031],[2.031,4.062],[0,2.031]],"c":true},"ix":2},"nm":"Path 1","mn":"ADBE Vector Shape - Group","hd":false},{"ty":"fl","c":{"a":0,"k":[0.258823529412,0.258823529412,0.258823529412,1],"ix":4},"o":{"a":0,"k":100,"ix":5},"r":1,"bm":0,"nm":"Fill 1","mn":"ADBE Vector Graphic - Fill","hd":false},{"ty":"tr","p":{"a":0,"k":[0,0],"ix":2},"a":{"a":0,"k":[0,0],"ix":1},"s":{"a":0,"k":[100,100],"ix":3},"r":{"a":0,"k":0,"ix":6},"o":{"a":0,"k":100,"ix":7},"sk":{"a":0,"k":0,"ix":4},"sa":{"a":0,"k":0,"ix":5},"nm":"Transform"}],"nm":"Path 2174 Fill","np":2,"cix":2,"bm":0,"ix":2,"mn":"ADBE Vector Group","hd":false}],"ip":0,"op":1798.20007324219,"st":0,"bm":0},{"ddd":0,"ind":10,"ty":4,"nm":"Rectangle 2532","parent":1,"sr":1,"ks":{"o":{"a":0,"k":100,"ix":11},"r":{"a":0,"k":45,"ix":10},"p":{"a":0,"k":[10.434,31.58,0],"ix":2},"a":{"a":0,"k":[0,0,0],"ix":1},"s":{"a":0,"k":[100,100,100],"ix":6}},"ao":0,"shapes":[{"ty":"gr","it":[{"ty":"rc","d":1,"s":{"a":0,"k":[6.093,6.093],"ix":2},"p":{"a":0,"k":[0,0],"ix":3},"r":{"a":0,"k":0,"ix":4},"nm":"Rectangle Path 1","mn":"ADBE Vector Shape - Rect","hd":false},{"ty":"op","nm":"Offset Paths 1","a":{"a":0,"k":-0.5,"ix":1},"lj":1,"ml":{"a":0,"k":4,"ix":3},"ix":3,"mn":"ADBE Vector Filter - Offset","hd":false},{"ty":"tr","p":{"a":0,"k":[0,0],"ix":2},"a":{"a":0,"k":[0,0],"ix":1},"s":{"a":0,"k":[100,100],"ix":3},"r":{"a":0,"k":0,"ix":6},"o":{"a":0,"k":100,"ix":7},"sk":{"a":0,"k":0,"ix":4},"sa":{"a":0,"k":0,"ix":5},"nm":"Transform"}],"nm":"Rectangle 2532 Stroke","np":3,"cix":2,"bm":0,"ix":1,"mn":"ADBE Vector Group","hd":false},{"ty":"gr","it":[{"ty":"rc","d":1,"s":{"a":0,"k":[6.093,6.093],"ix":2},"p":{"a":0,"k":[0,0],"ix":3},"r":{"a":0,"k":0,"ix":4},"nm":"Rectangle Path 1","mn":"ADBE Vector Shape - Rect","hd":false},{"ty":"fl","c":{"a":0,"k":[0.827450980392,0.105882352941,0.360784313725,1],"ix":4},"o":{"a":0,"k":100,"ix":5},"r":1,"bm":0,"nm":"Fill 1","mn":"ADBE Vector Graphic - Fill","hd":false},{"ty":"tr","p":{"a":0,"k":[0,0],"ix":2},"a":{"a":0,"k":[0,0],"ix":1},"s":{"a":0,"k":[100,100],"ix":3},"r":{"a":0,"k":0,"ix":6},"o":{"a":0,"k":100,"ix":7},"sk":{"a":0,"k":0,"ix":4},"sa":{"a":0,"k":0,"ix":5},"nm":"Transform"}],"nm":"Rectangle 2532 Fill","np":2,"cix":2,"bm":0,"ix":2,"mn":"ADBE Vector Group","hd":false}],"ip":0,"op":1798.20007324219,"st":0,"bm":0},{"ddd":0,"ind":11,"ty":4,"nm":"Rectangle 2052","parent":1,"sr":1,"ks":{"o":{"a":0,"k":100,"ix":11},"r":{"a":0,"k":45,"ix":10},"p":{"a":0,"k":[34.434,-12.42,0],"ix":2},"a":{"a":0,"k":[0,0,0],"ix":1},"s":{"a":0,"k":[100,100,100],"ix":6}},"ao":0,"shapes":[{"ty":"gr","it":[{"ty":"rc","d":1,"s":{"a":0,"k":[6.093,6.093],"ix":2},"p":{"a":0,"k":[0,0],"ix":3},"r":{"a":0,"k":0,"ix":4},"nm":"Rectangle Path 1","mn":"ADBE Vector Shape - Rect","hd":false},{"ty":"op","nm":"Offset Paths 1","a":{"a":0,"k":-0.5,"ix":1},"lj":1,"ml":{"a":0,"k":4,"ix":3},"ix":3,"mn":"ADBE Vector Filter - Offset","hd":false},{"ty":"tr","p":{"a":0,"k":[0,0],"ix":2},"a":{"a":0,"k":[0,0],"ix":1},"s":{"a":0,"k":[100,100],"ix":3},"r":{"a":0,"k":0,"ix":6},"o":{"a":0,"k":100,"ix":7},"sk":{"a":0,"k":0,"ix":4},"sa":{"a":0,"k":0,"ix":5},"nm":"Transform"}],"nm":"Rectangle 2052 Stroke","np":3,"cix":2,"bm":0,"ix":1,"mn":"ADBE Vector Group","hd":false},{"ty":"gr","it":[{"ty":"rc","d":1,"s":{"a":0,"k":[6.093,6.093],"ix":2},"p":{"a":0,"k":[0,0],"ix":3},"r":{"a":0,"k":0,"ix":4},"nm":"Rectangle Path 1","mn":"ADBE Vector Shape - Rect","hd":false},{"ty":"fl","c":{"a":0,"k":[0.827450980392,0.105882352941,0.360784313725,1],"ix":4},"o":{"a":0,"k":100,"ix":5},"r":1,"bm":0,"nm":"Fill 1","mn":"ADBE Vector Graphic - Fill","hd":false},{"ty":"tr","p":{"a":0,"k":[0,0],"ix":2},"a":{"a":0,"k":[0,0],"ix":1},"s":{"a":0,"k":[100,100],"ix":3},"r":{"a":0,"k":0,"ix":6},"o":{"a":0,"k":100,"ix":7},"sk":{"a":0,"k":0,"ix":4},"sa":{"a":0,"k":0,"ix":5},"nm":"Transform"}],"nm":"Rectangle 2052 Fill","np":2,"cix":2,"bm":0,"ix":2,"mn":"ADBE Vector Group","hd":false}],"ip":0,"op":1798.20007324219,"st":0,"bm":0},{"ddd":0,"ind":12,"ty":4,"nm":"Path 2173","parent":1,"sr":1,"ks":{"o":{"a":0,"k":100,"ix":11},"r":{"a":0,"k":0,"ix":10},"p":{"a":0,"k":[-46.948,26.92,0],"ix":2},"a":{"a":0,"k":[3.046,3.046,0],"ix":1},"s":{"a":0,"k":[100,100,100],"ix":6}},"ao":0,"shapes":[{"ty":"gr","it":[{"ind":0,"ty":"sh","ix":1,"ks":{"a":0,"k":{"i":[[-1.682,0],[0,-1.682],[1.682,0],[0,1.682]],"o":[[1.682,0],[0,1.682],[-1.682,0],[0,-1.682]],"v":[[3.046,0],[6.093,3.046],[3.046,6.093],[0,3.046]],"c":true},"ix":2},"nm":"Path 1","mn":"ADBE Vector Shape - Group","hd":false},{"ty":"op","nm":"Offset Paths 1","a":{"a":0,"k":-0.5,"ix":1},"lj":1,"ml":{"a":0,"k":4,"ix":3},"ix":3,"mn":"ADBE Vector Filter - Offset","hd":false},{"ty":"tr","p":{"a":0,"k":[0,0],"ix":2},"a":{"a":0,"k":[0,0],"ix":1},"s":{"a":0,"k":[100,100],"ix":3},"r":{"a":0,"k":0,"ix":6},"o":{"a":0,"k":100,"ix":7},"sk":{"a":0,"k":0,"ix":4},"sa":{"a":0,"k":0,"ix":5},"nm":"Transform"}],"nm":"Path 2173 Stroke","np":3,"cix":2,"bm":0,"ix":1,"mn":"ADBE Vector Group","hd":false},{"ty":"gr","it":[{"ind":0,"ty":"sh","ix":1,"ks":{"a":0,"k":{"i":[[-1.682,0],[0,-1.682],[1.682,0],[0,1.682]],"o":[[1.682,0],[0,1.682],[-1.682,0],[0,-1.682]],"v":[[3.046,0],[6.093,3.046],[3.046,6.093],[0,3.046]],"c":true},"ix":2},"nm":"Path 1","mn":"ADBE Vector Shape - Group","hd":false},{"ty":"fl","c":{"a":0,"k":[0.305882352941,0.007843137255,0.305882352941,1],"ix":4},"o":{"a":0,"k":100,"ix":5},"r":1,"bm":0,"nm":"Fill 1","mn":"ADBE Vector Graphic - Fill","hd":false},{"ty":"tr","p":{"a":0,"k":[0,0],"ix":2},"a":{"a":0,"k":[0,0],"ix":1},"s":{"a":0,"k":[100,100],"ix":3},"r":{"a":0,"k":0,"ix":6},"o":{"a":0,"k":100,"ix":7},"sk":{"a":0,"k":0,"ix":4},"sa":{"a":0,"k":0,"ix":5},"nm":"Transform"}],"nm":"Path 2173 Fill","np":2,"cix":2,"bm":0,"ix":2,"mn":"ADBE Vector Group","hd":false}],"ip":0,"op":1798.20007324219,"st":0,"bm":0},{"ddd":0,"ind":13,"ty":4,"nm":"Path 2162","parent":1,"sr":1,"ks":{"o":{"a":0,"k":100,"ix":11},"r":{"a":0,"k":0,"ix":10},"p":{"a":0,"k":[6.435,-6.659,0],"ix":2},"a":{"a":0,"k":[2.633,5.324,0],"ix":1},"s":{"a":0,"k":[100,100,100],"ix":6}},"ao":0,"shapes":[{"ty":"gr","it":[{"ind":0,"ty":"sh","ix":1,"ks":{"a":0,"k":{"i":[[0,0],[-0.677,1.355],[-0.285,0.722],[0,0],[-0.639,-1.355],[0,0],[0.639,-1.307],[0,0],[0.677,1.307]],"o":[[0,0],[0.274,-0.547],[0.236,-0.595],[0,0],[0.639,1.355],[0,0],[-0.639,1.307],[0,0],[-0.677,-1.307]],"v":[[0,5.419],[1.45,3.091],[2.267,1.212],[2.71,0],[3.931,3.091],[5.266,5.419],[3.931,7.632],[2.71,10.647],[1.45,7.632]],"c":true},"ix":2},"nm":"Path 1","mn":"ADBE Vector Shape - Group","hd":false},{"ty":"fl","c":{"a":0,"k":[0.921568627451,0.435294117647,0.427450980392,1],"ix":4},"o":{"a":0,"k":100,"ix":5},"r":1,"bm":0,"nm":"Fill 1","mn":"ADBE Vector Graphic - Fill","hd":false},{"ty":"tr","p":{"a":0,"k":[0,0],"ix":2},"a":{"a":0,"k":[0,0],"ix":1},"s":{"a":0,"k":[100,100],"ix":3},"r":{"a":0,"k":0,"ix":6},"o":{"a":0,"k":100,"ix":7},"sk":{"a":0,"k":0,"ix":4},"sa":{"a":0,"k":0,"ix":5},"nm":"Transform"}],"nm":"Path 2162","np":3,"cix":2,"bm":0,"ix":1,"mn":"ADBE Vector Group","hd":false}],"ip":0,"op":1798.20007324219,"st":0,"bm":0},{"ddd":0,"ind":14,"ty":4,"nm":"Path 4734","parent":1,"sr":1,"ks":{"o":{"a":0,"k":100,"ix":11},"r":{"a":0,"k":0,"ix":10},"p":{"a":0,"k":[45.67,7.588,0],"ix":2},"a":{"a":0,"k":[2.633,5.324,0],"ix":1},"s":{"a":0,"k":[100,100,100],"ix":6}},"ao":0,"shapes":[{"ty":"gr","it":[{"ind":0,"ty":"sh","ix":1,"ks":{"a":0,"k":{"i":[[0,0],[-0.677,1.355],[-0.285,0.722],[0,0],[-0.639,-1.355],[0,0],[0.639,-1.307],[0,0],[0.677,1.307]],"o":[[0,0],[0.274,-0.547],[0.236,-0.595],[0,0],[0.639,1.355],[0,0],[-0.639,1.307],[0,0],[-0.677,-1.307]],"v":[[0,5.419],[1.45,3.091],[2.267,1.212],[2.71,0],[3.931,3.091],[5.266,5.419],[3.931,7.632],[2.71,10.647],[1.45,7.632]],"c":true},"ix":2},"nm":"Path 1","mn":"ADBE Vector Shape - Group","hd":false},{"ty":"fl","c":{"a":0,"k":[0.4,0.8,1,1],"ix":4},"o":{"a":0,"k":100,"ix":5},"r":1,"bm":0,"nm":"Fill 1","mn":"ADBE Vector Graphic - Fill","hd":false},{"ty":"tr","p":{"a":0,"k":[0,0],"ix":2},"a":{"a":0,"k":[0,0],"ix":1},"s":{"a":0,"k":[100,100],"ix":3},"r":{"a":0,"k":0,"ix":6},"o":{"a":0,"k":100,"ix":7},"sk":{"a":0,"k":0,"ix":4},"sa":{"a":0,"k":0,"ix":5},"nm":"Transform"}],"nm":"Path 4734","np":3,"cix":2,"bm":0,"ix":1,"mn":"ADBE Vector Group","hd":false}],"ip":0,"op":1798.20007324219,"st":0,"bm":0},{"ddd":0,"ind":15,"ty":4,"nm":"Path 2161","parent":1,"sr":1,"ks":{"o":{"a":0,"k":100,"ix":11},"r":{"a":0,"k":0,"ix":10},"p":{"a":0,"k":[-27.33,8.588,0],"ix":2},"a":{"a":0,"k":[2.633,5.324,0],"ix":1},"s":{"a":0,"k":[100,100,100],"ix":6}},"ao":0,"shapes":[{"ty":"gr","it":[{"ind":0,"ty":"sh","ix":1,"ks":{"a":0,"k":{"i":[[0,0],[-0.677,1.355],[-0.285,0.722],[0,0],[-0.639,-1.355],[0,0],[0.639,-1.307],[0,0],[0.677,1.307]],"o":[[0,0],[0.274,-0.547],[0.236,-0.595],[0,0],[0.639,1.355],[0,0],[-0.639,1.307],[0,0],[-0.677,-1.307]],"v":[[0,5.419],[1.45,3.091],[2.267,1.212],[2.71,0],[3.931,3.091],[5.266,5.419],[3.931,7.632],[2.71,10.647],[1.45,7.632]],"c":true},"ix":2},"nm":"Path 1","mn":"ADBE Vector Shape - Group","hd":false},{"ty":"fl","c":{"a":0,"k":[0.4,0.8,1,1],"ix":4},"o":{"a":0,"k":100,"ix":5},"r":1,"bm":0,"nm":"Fill 1","mn":"ADBE Vector Graphic - Fill","hd":false},{"ty":"tr","p":{"a":0,"k":[0,0],"ix":2},"a":{"a":0,"k":[0,0],"ix":1},"s":{"a":0,"k":[100,100],"ix":3},"r":{"a":0,"k":0,"ix":6},"o":{"a":0,"k":100,"ix":7},"sk":{"a":0,"k":0,"ix":4},"sa":{"a":0,"k":0,"ix":5},"nm":"Transform"}],"nm":"Path 2161","np":3,"cix":2,"bm":0,"ix":1,"mn":"ADBE Vector Group","hd":false}],"ip":0,"op":1798.20007324219,"st":0,"bm":0},{"ddd":0,"ind":16,"ty":4,"nm":"Path 4733","parent":1,"sr":1,"ks":{"o":{"a":0,"k":100,"ix":11},"r":{"a":0,"k":151,"ix":10},"p":{"a":0,"k":[44.361,27.184,0],"ix":2},"a":{"a":0,"k":[2.931,6.332,0],"ix":1},"s":{"a":0,"k":[100,100,100],"ix":6}},"ao":0,"shapes":[{"ty":"gr","it":[{"ind":0,"ty":"sh","ix":1,"ks":{"a":0,"k":{"i":[[0,0],[-1.645,0.352],[0,0.589],[0,1.123],[0,1.214],[0,1.25],[0.079,1.218],[1.824,0.381],[0,0]],"o":[[0,0],[1.285,-0.274],[0,-1.196],[0,-1.123],[0,-1.214],[0,-1.25],[-0.031,-0.482],[-1.824,-0.381],[0,0]],"v":[[0,12.665],[3.045,11.962],[5.861,10.831],[0,8.875],[5.861,6.558],[0,4.02],[5.861,1.738],[3.045,0.647],[0,0]],"c":false},"ix":2},"nm":"Path 1","mn":"ADBE Vector Shape - Group","hd":false},{"ty":"st","c":{"a":0,"k":[0.705882352941,0.011764705882,0.258823529412,1],"ix":3},"o":{"a":0,"k":100,"ix":4},"w":{"a":0,"k":1,"ix":5},"lc":2,"lj":2,"bm":0,"nm":"Stroke 1","mn":"ADBE Vector Graphic - Stroke","hd":false},{"ty":"tr","p":{"a":0,"k":[0,0],"ix":2},"a":{"a":0,"k":[0,0],"ix":1},"s":{"a":0,"k":[100,100],"ix":3},"r":{"a":0,"k":0,"ix":6},"o":{"a":0,"k":100,"ix":7},"sk":{"a":0,"k":0,"ix":4},"sa":{"a":0,"k":0,"ix":5},"nm":"Transform"}],"nm":"Path 4733","np":3,"cix":2,"bm":0,"ix":1,"mn":"ADBE Vector Group","hd":false}],"ip":0,"op":1798.20007324219,"st":0,"bm":0},{"ddd":0,"ind":17,"ty":4,"nm":"Path 4523","parent":1,"sr":1,"ks":{"o":{"a":0,"k":100,"ix":11},"r":{"a":0,"k":29,"ix":10},"p":{"a":0,"k":[-40.182,-0.881,0],"ix":2},"a":{"a":0,"k":[3.688,7.969,0],"ix":1},"s":{"a":0,"k":[100,100,100],"ix":6}},"ao":0,"shapes":[{"ty":"gr","it":[{"ind":0,"ty":"sh","ix":1,"ks":{"a":0,"k":{"i":[[0,0],[-2.07,-0.443],[0,-0.742],[0,-1.413],[0,-1.527],[0,-1.573],[0.1,-1.533],[2.295,-0.479],[0,0]],"o":[[0,0],[1.617,0.345],[0,1.505],[0,1.413],[0,1.527],[0,1.573],[-0.04,0.607],[-2.295,0.479],[0,0]],"v":[[0,0],[3.833,0.884],[7.376,2.308],[0,4.77],[7.376,7.685],[0,10.88],[7.376,13.751],[3.833,15.124],[0,15.939]],"c":false},"ix":2},"nm":"Path 1","mn":"ADBE Vector Shape - Group","hd":false},{"ty":"st","c":{"a":0,"k":[0.705882352941,0.011764705882,0.258823529412,1],"ix":3},"o":{"a":0,"k":100,"ix":4},"w":{"a":0,"k":1.5,"ix":5},"lc":2,"lj":2,"bm":0,"nm":"Stroke 1","mn":"ADBE Vector Graphic - Stroke","hd":false},{"ty":"tr","p":{"a":0,"k":[0,0],"ix":2},"a":{"a":0,"k":[0,0],"ix":1},"s":{"a":0,"k":[100,100],"ix":3},"r":{"a":0,"k":0,"ix":6},"o":{"a":0,"k":100,"ix":7},"sk":{"a":0,"k":0,"ix":4},"sa":{"a":0,"k":0,"ix":5},"nm":"Transform"}],"nm":"Path 4523","np":3,"cix":2,"bm":0,"ix":1,"mn":"ADBE Vector Group","hd":false}],"ip":0,"op":1798.20007324219,"st":0,"bm":0},{"ddd":0,"ind":18,"ty":4,"nm":"Path 4522","parent":1,"sr":1,"ks":{"o":{"a":0,"k":100,"ix":11},"r":{"a":0,"k":0,"ix":10},"p":{"a":0,"k":[25.037,13.193,0],"ix":2},"a":{"a":0,"k":[2.129,10.334,0],"ix":1},"s":{"a":0,"k":[100,100,100],"ix":6}},"ao":0,"shapes":[{"ty":"gr","it":[{"ind":0,"ty":"sh","ix":1,"ks":{"a":0,"k":{"i":[[0,0],[-1.195,-0.575],[0,-0.962],[0,-1.833],[0,-1.981],[0,-2.04],[0.058,-1.987],[1.325,-0.621],[0,0]],"o":[[0,0],[0.933,0.447],[0,1.951],[0,1.833],[0,1.981],[0,2.04],[-0.023,0.787],[-1.325,0.621],[0,0]],"v":[[0,0],[2.212,1.147],[4.257,2.993],[0,6.186],[4.257,9.966],[0,14.108],[4.257,17.832],[2.212,19.613],[0,20.668]],"c":false},"ix":2},"nm":"Path 1","mn":"ADBE Vector Shape - Group","hd":false},{"ty":"st","c":{"a":0,"k":[0.925490196078,0.580392156863,0.329411764706,1],"ix":3},"o":{"a":0,"k":100,"ix":4},"w":{"a":0,"k":2,"ix":5},"lc":2,"lj":2,"bm":0,"nm":"Stroke 1","mn":"ADBE Vector Graphic - Stroke","hd":false},{"ty":"tr","p":{"a":0,"k":[0,0],"ix":2},"a":{"a":0,"k":[0,0],"ix":1},"s":{"a":0,"k":[100,100],"ix":3},"r":{"a":0,"k":0,"ix":6},"o":{"a":0,"k":100,"ix":7},"sk":{"a":0,"k":0,"ix":4},"sa":{"a":0,"k":0,"ix":5},"nm":"Transform"}],"nm":"Path 4522","np":3,"cix":2,"bm":0,"ix":1,"mn":"ADBE Vector Group","hd":false}],"ip":0,"op":1798.20007324219,"st":0,"bm":0},{"ddd":0,"ind":19,"ty":4,"nm":"Path 4735","parent":1,"sr":1,"ks":{"o":{"a":0,"k":100,"ix":11},"r":{"a":0,"k":0,"ix":10},"p":{"a":0,"k":[-5.34,-33.831,0],"ix":2},"a":{"a":0,"k":[4.189,4.193,0],"ix":1},"s":{"a":0,"k":[100,100,100],"ix":6}},"ao":0,"shapes":[{"ty":"gr","it":[{"ind":0,"ty":"sh","ix":1,"ks":{"a":0,"k":{"i":[[0,0],[-2.216,-0.036],[0,0],[-0.036,2.214],[0,0],[2.216,0.037],[0,0],[0.037,-2.215],[0,0]],"o":[[-0.036,-2.215],[0,0],[-2.216,0.036],[0,0],[0.037,2.215],[0,0],[2.216,-0.036],[0,0],[0,0]],"v":[[4.486,8.385],[8.379,4.49],[8.377,3.896],[4.487,0],[3.889,0.002],[0,3.89],[0.002,4.494],[3.888,8.385],[4.486,8.385]],"c":true},"ix":2},"nm":"Path 1","mn":"ADBE Vector Shape - Group","hd":false},{"ty":"fl","c":{"a":0,"k":[0.227450980392,0.681891168333,1,1],"ix":4},"o":{"a":0,"k":100,"ix":5},"r":1,"bm":0,"nm":"Fill 1","mn":"ADBE Vector Graphic - Fill","hd":false},{"ty":"tr","p":{"a":0,"k":[0,0],"ix":2},"a":{"a":0,"k":[0,0],"ix":1},"s":{"a":0,"k":[142.444,142.444],"ix":3},"r":{"a":0,"k":0,"ix":6},"o":{"a":0,"k":100,"ix":7},"sk":{"a":0,"k":0,"ix":4},"sa":{"a":0,"k":0,"ix":5},"nm":"Transform"}],"nm":"Path 4521","np":2,"cix":2,"bm":0,"ix":1,"mn":"ADBE Vector Group","hd":false}],"ip":0,"op":1798.20007324219,"st":0,"bm":0},{"ddd":0,"ind":20,"ty":4,"nm":"Path 4521","parent":1,"sr":1,"ks":{"o":{"a":0,"k":100,"ix":11},"r":{"a":0,"k":0,"ix":10},"p":{"a":0,"k":[9.441,-28.393,0],"ix":2},"a":{"a":0,"k":[4.189,4.193,0],"ix":1},"s":{"a":0,"k":[100,100,100],"ix":6}},"ao":0,"shapes":[{"ty":"gr","it":[{"ind":0,"ty":"sh","ix":1,"ks":{"a":0,"k":{"i":[[0,0],[-2.216,-0.036],[0,0],[-0.036,2.214],[0,0],[2.216,0.037],[0,0],[0.037,-2.215],[0,0]],"o":[[-0.036,-2.215],[0,0],[-2.216,0.036],[0,0],[0.037,2.215],[0,0],[2.216,-0.036],[0,0],[0,0]],"v":[[4.486,8.385],[8.379,4.49],[8.377,3.896],[4.487,0],[3.889,0.002],[0,3.89],[0.002,4.494],[3.888,8.385],[4.486,8.385]],"c":true},"ix":2},"nm":"Path 1","mn":"ADBE Vector Shape - Group","hd":false},{"ty":"fl","c":{"a":0,"k":[1,0.650980392157,0.227450980392,1],"ix":4},"o":{"a":0,"k":100,"ix":5},"r":1,"bm":0,"nm":"Fill 1","mn":"ADBE Vector Graphic - Fill","hd":false},{"ty":"tr","p":{"a":0,"k":[0,0],"ix":2},"a":{"a":0,"k":[0,0],"ix":1},"s":{"a":0,"k":[100,100],"ix":3},"r":{"a":0,"k":0,"ix":6},"o":{"a":0,"k":100,"ix":7},"sk":{"a":0,"k":0,"ix":4},"sa":{"a":0,"k":0,"ix":5},"nm":"Transform"}],"nm":"Path 4521","np":2,"cix":2,"bm":0,"ix":1,"mn":"ADBE Vector Group","hd":false}],"ip":0,"op":1798.20007324219,"st":0,"bm":0},{"ddd":0,"ind":21,"ty":4,"nm":"Path 4519","parent":1,"sr":1,"ks":{"o":{"a":0,"k":100,"ix":11},"r":{"a":0,"k":0,"ix":10},"p":{"a":0,"k":[-17.811,-19.675,0],"ix":2},"a":{"a":0,"k":[6.871,6.873,0],"ix":1},"s":{"a":0,"k":[100,100,100],"ix":6}},"ao":0,"shapes":[{"ty":"gr","it":[{"ind":0,"ty":"sh","ix":1,"ks":{"a":0,"k":{"i":[[0,0],[-3.633,-0.06],[0,0],[-0.06,3.63],[0,0],[3.633,0.06],[0,0],[0.06,-3.63],[0,0]],"o":[[-0.06,-3.63],[0,0],[-3.633,0.06],[0,0],[0.06,3.63],[0,0],[3.633,-0.06],[0,0],[0,0]],"v":[[7.248,13.747],[13.741,7.255],[13.741,6.491],[7.25,0],[6.487,0.003],[0,6.489],[0,7.253],[6.486,13.747],[7.248,13.747]],"c":true},"ix":2},"nm":"Path 1","mn":"ADBE Vector Shape - Group","hd":false},{"ty":"fl","c":{"a":0,"k":[0.356862745098,0.160784313725,1,1],"ix":4},"o":{"a":0,"k":100,"ix":5},"r":1,"bm":0,"nm":"Fill 1","mn":"ADBE Vector Graphic - Fill","hd":false},{"ty":"tr","p":{"a":0,"k":[0,0],"ix":2},"a":{"a":0,"k":[0,0],"ix":1},"s":{"a":0,"k":[100,100],"ix":3},"r":{"a":0,"k":0,"ix":6},"o":{"a":0,"k":100,"ix":7},"sk":{"a":0,"k":0,"ix":4},"sa":{"a":0,"k":0,"ix":5},"nm":"Transform"}],"nm":"Path 4519","np":2,"cix":2,"bm":0,"ix":1,"mn":"ADBE Vector Group","hd":false}],"ip":0,"op":1798.20007324219,"st":0,"bm":0}]},{"id":"comp_1","layers":[{"ddd":0,"ind":1,"ty":4,"nm":"Rectangle 2182","sr":1,"ks":{"o":{"a":0,"k":100,"ix":11},"r":{"a":0,"k":45,"ix":10},"p":{"a":0,"k":[55.247,111.315,0],"ix":2},"a":{"a":0,"k":[0,0,0],"ix":1},"s":{"a":0,"k":[100,100,100],"ix":6}},"ao":0,"shapes":[{"ty":"gr","it":[{"ty":"rc","d":1,"s":{"a":0,"k":[5.068,9.152],"ix":2},"p":{"a":0,"k":[0,0],"ix":3},"r":{"a":0,"k":5.306,"ix":4},"nm":"Rectangle Path 1","mn":"ADBE Vector Shape - Rect","hd":false},{"ty":"fl","c":{"a":0,"k":[1,1,1,1],"ix":4},"o":{"a":0,"k":100,"ix":5},"r":1,"bm":0,"nm":"Fill 1","mn":"ADBE Vector Graphic - Fill","hd":false},{"ty":"tr","p":{"a":0,"k":[0,0],"ix":2},"a":{"a":0,"k":[0,0],"ix":1},"s":{"a":0,"k":[100,100],"ix":3},"r":{"a":0,"k":0,"ix":6},"o":{"a":0,"k":100,"ix":7},"sk":{"a":0,"k":0,"ix":4},"sa":{"a":0,"k":0,"ix":5},"nm":"Transform"}],"nm":"Rectangle 2182","np":2,"cix":2,"bm":0,"ix":1,"mn":"ADBE Vector Group","hd":false}],"ip":0,"op":210.289508565267,"st":0,"bm":0},{"ddd":0,"ind":2,"ty":4,"nm":"Rectangle 2184","sr":1,"ks":{"o":{"a":0,"k":100,"ix":11},"r":{"a":0,"k":45,"ix":10},"p":{"a":0,"k":[62.624,103.939,0],"ix":2},"a":{"a":0,"k":[0,0,0],"ix":1},"s":{"a":0,"k":[100,100,100],"ix":6}},"ao":0,"shapes":[{"ty":"gr","it":[{"ty":"rc","d":1,"s":{"a":0,"k":[5.068,10.701],"ix":2},"p":{"a":0,"k":[0,0],"ix":3},"r":{"a":0,"k":5.306,"ix":4},"nm":"Rectangle Path 1","mn":"ADBE Vector Shape - Rect","hd":false},{"ty":"fl","c":{"a":0,"k":[1,1,1,1],"ix":4},"o":{"a":0,"k":100,"ix":5},"r":1,"bm":0,"nm":"Fill 1","mn":"ADBE Vector Graphic - Fill","hd":false},{"ty":"tr","p":{"a":0,"k":[0,0],"ix":2},"a":{"a":0,"k":[0,0],"ix":1},"s":{"a":0,"k":[100,100],"ix":3},"r":{"a":0,"k":0,"ix":6},"o":{"a":0,"k":100,"ix":7},"sk":{"a":0,"k":0,"ix":4},"sa":{"a":0,"k":0,"ix":5},"nm":"Transform"}],"nm":"Rectangle 2184","np":2,"cix":2,"bm":0,"ix":1,"mn":"ADBE Vector Group","hd":false}],"ip":0,"op":210.289508565267,"st":0,"bm":0},{"ddd":0,"ind":3,"ty":4,"nm":"Rectangle 2186","sr":1,"ks":{"o":{"a":0,"k":100,"ix":11},"r":{"a":0,"k":45,"ix":10},"p":{"a":0,"k":[70.29,106.858,0],"ix":2},"a":{"a":0,"k":[0,0,0],"ix":1},"s":{"a":0,"k":[100,100,100],"ix":6}},"ao":0,"shapes":[{"ty":"gr","it":[{"ty":"rc","d":1,"s":{"a":0,"k":[5.068,19.508],"ix":2},"p":{"a":0,"k":[0,0],"ix":3},"r":{"a":0,"k":5.306,"ix":4},"nm":"Rectangle Path 1","mn":"ADBE Vector Shape - Rect","hd":false},{"ty":"fl","c":{"a":0,"k":[1,1,1,1],"ix":4},"o":{"a":0,"k":100,"ix":5},"r":1,"bm":0,"nm":"Fill 1","mn":"ADBE Vector Graphic - Fill","hd":false},{"ty":"tr","p":{"a":0,"k":[0,0],"ix":2},"a":{"a":0,"k":[0,0],"ix":1},"s":{"a":0,"k":[100,100],"ix":3},"r":{"a":0,"k":0,"ix":6},"o":{"a":0,"k":100,"ix":7},"sk":{"a":0,"k":0,"ix":4},"sa":{"a":0,"k":0,"ix":5},"nm":"Transform"}],"nm":"Rectangle 2186","np":2,"cix":2,"bm":0,"ix":1,"mn":"ADBE Vector Group","hd":false}],"ip":0,"op":210.289508565267,"st":0,"bm":0},{"ddd":0,"ind":4,"ty":4,"nm":"Rectangle 2185","sr":1,"ks":{"o":{"a":0,"k":100,"ix":11},"r":{"a":0,"k":45,"ix":10},"p":{"a":0,"k":[113.92,109.829,0],"ix":2},"a":{"a":0,"k":[0,0,0],"ix":1},"s":{"a":0,"k":[100,100,100],"ix":6}},"ao":0,"shapes":[{"ty":"gr","it":[{"ty":"rc","d":1,"s":{"a":0,"k":[5.068,11.665],"ix":2},"p":{"a":0,"k":[0,0],"ix":3},"r":{"a":0,"k":5.306,"ix":4},"nm":"Rectangle Path 1","mn":"ADBE Vector Shape - Rect","hd":false},{"ty":"fl","c":{"a":0,"k":[1,1,1,1],"ix":4},"o":{"a":0,"k":100,"ix":5},"r":1,"bm":0,"nm":"Fill 1","mn":"ADBE Vector Graphic - Fill","hd":false},{"ty":"tr","p":{"a":0,"k":[0,0],"ix":2},"a":{"a":0,"k":[0,0],"ix":1},"s":{"a":0,"k":[100,100],"ix":3},"r":{"a":0,"k":0,"ix":6},"o":{"a":0,"k":100,"ix":7},"sk":{"a":0,"k":0,"ix":4},"sa":{"a":0,"k":0,"ix":5},"nm":"Transform"}],"nm":"Rectangle 2185","np":2,"cix":2,"bm":0,"ix":1,"mn":"ADBE Vector Group","hd":false}],"ip":0,"op":210.289508565267,"st":0,"bm":0},{"ddd":0,"ind":5,"ty":4,"nm":"Rectangle 2183","sr":1,"ks":{"o":{"a":0,"k":100,"ix":11},"r":{"a":0,"k":45,"ix":10},"p":{"a":0,"k":[121.397,102.352,0],"ix":2},"a":{"a":0,"k":[0,0,0],"ix":1},"s":{"a":0,"k":[100,100,100],"ix":6}},"ao":0,"shapes":[{"ty":"gr","it":[{"ty":"rc","d":1,"s":{"a":0,"k":[5.068,9.152],"ix":2},"p":{"a":0,"k":[0,0],"ix":3},"r":{"a":0,"k":5.306,"ix":4},"nm":"Rectangle Path 1","mn":"ADBE Vector Shape - Rect","hd":false},{"ty":"fl","c":{"a":0,"k":[1,1,1,1],"ix":4},"o":{"a":0,"k":100,"ix":5},"r":1,"bm":0,"nm":"Fill 1","mn":"ADBE Vector Graphic - Fill","hd":false},{"ty":"tr","p":{"a":0,"k":[0,0],"ix":2},"a":{"a":0,"k":[0,0],"ix":1},"s":{"a":0,"k":[100,100],"ix":3},"r":{"a":0,"k":0,"ix":6},"o":{"a":0,"k":100,"ix":7},"sk":{"a":0,"k":0,"ix":4},"sa":{"a":0,"k":0,"ix":5},"nm":"Transform"}],"nm":"Rectangle 2183","np":2,"cix":2,"bm":0,"ix":1,"mn":"ADBE Vector Group","hd":false}],"ip":0,"op":210.289508565267,"st":0,"bm":0},{"ddd":0,"ind":6,"ty":4,"nm":"Rectangle 2187","sr":1,"ks":{"o":{"a":0,"k":100,"ix":11},"r":{"a":0,"k":45,"ix":10},"p":{"a":0,"k":[126.905,106.944,0],"ix":2},"a":{"a":0,"k":[0,0,0],"ix":1},"s":{"a":0,"k":[100,100,100],"ix":6}},"ao":0,"shapes":[{"ty":"gr","it":[{"ty":"rc","d":1,"s":{"a":0,"k":[5.068,19.508],"ix":2},"p":{"a":0,"k":[0,0],"ix":3},"r":{"a":0,"k":5.306,"ix":4},"nm":"Rectangle Path 1","mn":"ADBE Vector Shape - Rect","hd":false},{"ty":"fl","c":{"a":0,"k":[1,1,1,1],"ix":4},"o":{"a":0,"k":100,"ix":5},"r":1,"bm":0,"nm":"Fill 1","mn":"ADBE Vector Graphic - Fill","hd":false},{"ty":"tr","p":{"a":0,"k":[0,0],"ix":2},"a":{"a":0,"k":[0,0],"ix":1},"s":{"a":0,"k":[100,100],"ix":3},"r":{"a":0,"k":0,"ix":6},"o":{"a":0,"k":100,"ix":7},"sk":{"a":0,"k":0,"ix":4},"sa":{"a":0,"k":0,"ix":5},"nm":"Transform"}],"nm":"Rectangle 2187","np":2,"cix":2,"bm":0,"ix":1,"mn":"ADBE Vector Group","hd":false}],"ip":0,"op":210.289508565267,"st":0,"bm":0},{"ddd":0,"ind":7,"ty":4,"nm":"Path 4486","sr":1,"ks":{"o":{"a":0,"k":100,"ix":11},"r":{"a":0,"k":0,"ix":10},"p":{"a":0,"k":[90.735,104.61,0],"ix":2},"a":{"a":0,"k":[58.062,22.636,0],"ix":1},"s":{"a":0,"k":[100,100,100],"ix":6}},"ao":0,"shapes":[{"ty":"gr","it":[{"ind":0,"ty":"sh","ix":1,"ks":{"a":0,"k":{"i":[[2.471,0],[0,0],[0,0.247],[5.93,-0.247],[2.718,-1.73],[3.459,0.247],[2.718,-4.695],[2.965,0],[2.223,-1.482],[5.682,-0.494],[2.471,-1.73],[3.459,0.247],[2.718,-4.942],[0,-0.247],[0,0],[0,-2.471],[-2.47,0],[0,0],[-2.471,-3.953],[-4.2,0],[0,0],[0,0],[-5.188,7.906],[-0.494,2.718],[-2.471,0],[0,0],[-1.73,-1.977],[-2.471,-3.706],[-4.2,0],[0,0],[0,0],[-5.188,7.906],[-0.494,2.965],[0,0],[0,2.471]],"o":[[0,0],[0,-0.247],[-2.718,-4.942],[-3.459,0.247],[-2.718,-1.73],[-5.683,-0.494],[-2.718,-1.729],[-2.718,0],[-2.718,-4.695],[-2.965,0.247],[-2.718,-1.73],[-5.93,-0.494],[0,0.247],[0,0],[-2.47,0],[0,2.471],[0,0],[0.494,2.965],[5.189,7.906],[0,0],[0,0],[4.2,0],[2.471,-3.706],[1.235,-1.482],[0,0],[2.224,0],[0.494,2.718],[5.189,7.906],[0,0],[0,0],[4.2,0],[2.471,-3.954],[0,0],[2.471,0],[0,-2.471]],"v":[[111.676,8.211],[110.441,8.211],[110.194,7.47],[96.111,0.058],[87.71,3.022],[79.557,0.058],[65.721,6.975],[57.321,4.504],[49.908,6.975],[36.073,0.058],[28.413,3.022],[20.26,0.058],[6.177,7.47],[5.93,8.211],[4.447,8.211],[0,12.658],[4.447,17.106],[4.694,17.106],[8.895,27.235],[28.166,45.024],[28.166,45.024],[28.413,45.024],[47.684,27.235],[51.885,17.352],[57.815,13.646],[58.062,13.646],[64.239,17.599],[68.438,27.483],[87.71,45.272],[87.71,45.272],[87.957,45.272],[107.229,27.483],[111.429,17.352],[111.676,17.352],[116.124,12.905]],"c":true},"ix":2},"nm":"Path 1","mn":"ADBE Vector Shape - Group","hd":false},{"ty":"fl","c":{"a":0,"k":[0.839215686275,0.074509803922,0.352941176471,1],"ix":4},"o":{"a":0,"k":100,"ix":5},"r":1,"bm":0,"nm":"Fill 1","mn":"ADBE Vector Graphic - Fill","hd":false},{"ty":"tr","p":{"a":0,"k":[0,0],"ix":2},"a":{"a":0,"k":[0,0],"ix":1},"s":{"a":0,"k":[100,100],"ix":3},"r":{"a":0,"k":0,"ix":6},"o":{"a":0,"k":100,"ix":7},"sk":{"a":0,"k":0,"ix":4},"sa":{"a":0,"k":0,"ix":5},"nm":"Transform"}],"nm":"Path 4486","np":2,"cix":2,"bm":0,"ix":1,"mn":"ADBE Vector Group","hd":false}],"ip":0,"op":210.289508565267,"st":0,"bm":0}]},{"id":"comp_2","layers":[{"ddd":0,"ind":1,"ty":4,"nm":"Path 4488","sr":1,"ks":{"o":{"a":0,"k":100,"ix":11},"r":{"a":0,"k":0,"ix":10},"p":{"a":0,"k":[90.891,148.324,0],"ix":2},"a":{"a":0,"k":[8.85,5.525,0],"ix":1},"s":{"a":0,"k":[100,100,100],"ix":6}},"ao":0,"shapes":[{"ty":"gr","it":[{"ind":0,"ty":"sh","ix":1,"ks":{"a":0,"k":{"i":[[3.552,0],[2.122,-1.585],[-4.738,0],[0,0],[-0.212,4.688]],"o":[[-3.552,0],[0.213,4.688],[0,0],[4.738,0],[-2.121,-1.585]],"v":[[8.85,0],[0,2.592],[8.85,11.05],[8.85,11.05],[17.7,2.592]],"c":true},"ix":2},"nm":"Path 1","mn":"ADBE Vector Shape - Group","hd":false},{"ty":"fl","c":{"a":0,"k":[0.850980392157,0.023529411765,0.345098039216,1],"ix":4},"o":{"a":0,"k":100,"ix":5},"r":1,"bm":0,"nm":"Fill 1","mn":"ADBE Vector Graphic - Fill","hd":false},{"ty":"tr","p":{"a":0,"k":[0,0],"ix":2},"a":{"a":0,"k":[0,0],"ix":1},"s":{"a":0,"k":[100,100],"ix":3},"r":{"a":0,"k":0,"ix":6},"o":{"a":0,"k":100,"ix":7},"sk":{"a":0,"k":0,"ix":4},"sa":{"a":0,"k":0,"ix":5},"nm":"Transform"}],"nm":"Path 4488","np":2,"cix":2,"bm":0,"ix":1,"mn":"ADBE Vector Group","hd":false}],"ip":0,"op":210.289508565267,"st":0,"bm":0},{"ddd":0,"ind":2,"ty":4,"nm":"Path 4487","sr":1,"ks":{"o":{"a":0,"k":100,"ix":11},"r":{"a":0,"k":0,"ix":10},"p":{"a":0,"k":[90.892,140.162,0],"ix":2},"a":{"a":0,"k":[8.86,13.687,0],"ix":1},"s":{"a":0,"k":[100,100,100],"ix":6}},"ao":0,"shapes":[{"ty":"gr","it":[{"ind":0,"ty":"sh","ix":1,"ks":{"a":0,"k":{"i":[[3.77,0],[1.795,1.788],[0,0],[-4.873,0],[0,0],[0,4.873],[0,0]],"o":[[-3.769,0],[0,0],[0,4.873],[0,0],[4.873,0],[0,0],[-1.795,1.788]],"v":[[8.86,2.987],[0,0],[0,18.515],[8.86,27.375],[8.86,27.375],[17.72,18.515],[17.72,0]],"c":true},"ix":2},"nm":"Path 1","mn":"ADBE Vector Shape - Group","hd":false},{"ty":"fl","c":{"a":0,"k":[0.258823529412,0.101960784314,0.250980392157,1],"ix":4},"o":{"a":0,"k":100,"ix":5},"r":1,"bm":0,"nm":"Fill 1","mn":"ADBE Vector Graphic - Fill","hd":false},{"ty":"tr","p":{"a":0,"k":[0,0],"ix":2},"a":{"a":0,"k":[0,0],"ix":1},"s":{"a":0,"k":[100,100],"ix":3},"r":{"a":0,"k":0,"ix":6},"o":{"a":0,"k":100,"ix":7},"sk":{"a":0,"k":0,"ix":4},"sa":{"a":0,"k":0,"ix":5},"nm":"Transform"}],"nm":"Path 4487","np":2,"cix":2,"bm":0,"ix":1,"mn":"ADBE Vector Group","hd":false}],"ip":0,"op":210.289508565267,"st":0,"bm":0}]}],"layers":[{"ddd":0,"ind":1,"ty":0,"nm":"confetti","refId":"comp_0","sr":1,"ks":{"o":{"a":1,"k":[{"i":{"x":[0.833],"y":[0.833]},"o":{"x":[0.167],"y":[0.167]},"t":0,"s":[0]},{"i":{"x":[0.833],"y":[1]},"o":{"x":[0.333],"y":[0]},"t":32,"s":[100]},{"i":{"x":[0.833],"y":[0.833]},"o":{"x":[0.333],"y":[0]},"t":68,"s":[100]},{"i":{"x":[0.833],"y":[1]},"o":{"x":[0.167],"y":[0]},"t":70.715,"s":[0]},{"i":{"x":[0.833],"y":[0.833]},"o":{"x":[0.167],"y":[0.167]},"t":119,"s":[0]},{"i":{"x":[0.833],"y":[1]},"o":{"x":[0.333],"y":[0]},"t":151,"s":[100]},{"i":{"x":[0.833],"y":[0.833]},"o":{"x":[0.333],"y":[0]},"t":187,"s":[100]},{"t":189.71500772725,"s":[0]}],"ix":11},"r":{"a":0,"k":0,"ix":10},"p":{"a":1,"k":[{"i":{"x":0.67,"y":0.421},"o":{"x":0.296,"y":0},"t":0,"s":[90,7,0],"to":[0,0,0],"ti":[0,0,0]},{"i":{"x":0.833,"y":0.833},"o":{"x":0.43,"y":0.378},"t":41,"s":[90.932,83.477,0],"to":[0,0,0],"ti":[0,0,0]},{"i":{"x":0.833,"y":1},"o":{"x":0.167,"y":0},"t":70.011,"s":[92,191.5,0],"to":[0,0,0],"ti":[0,0,0]},{"i":{"x":0.833,"y":0.833},"o":{"x":0.333,"y":0},"t":119,"s":[90,7,0],"to":[0,0,0],"ti":[-0.333,-30.75,0]},{"t":189.011257698586,"s":[92,191.5,0]}],"ix":2},"a":{"a":0,"k":[50.5,41.5,0],"ix":1},"s":{"a":1,"k":[{"i":{"x":[0.833,0.833,0.833],"y":[0.833,0.833,0.833]},"o":{"x":[0.167,0.167,0.167],"y":[0.167,0.167,0.167]},"t":0,"s":[0,0,100]},{"i":{"x":[0.833,0.833,0.833],"y":[0.833,0.833,0.872]},"o":{"x":[0.333,0.333,0.333],"y":[0,0,0]},"t":32,"s":[100,100,100]},{"i":{"x":[0.833,0.833,0.833],"y":[0.833,0.833,1.128]},"o":{"x":[0.167,0.167,0.167],"y":[0,0,0]},"t":70.715,"s":[131,131,100]},{"i":{"x":[0.833,0.833,0.833],"y":[0.833,0.833,0.833]},"o":{"x":[0.167,0.167,0.167],"y":[0.167,0.167,0.167]},"t":119,"s":[0,0,100]},{"i":{"x":[0.833,0.833,0.833],"y":[0.833,0.833,1]},"o":{"x":[0.333,0.333,0.333],"y":[0,0,0]},"t":151,"s":[100,100,100]},{"t":189.71500772725,"s":[131,131,100]}],"ix":6}},"ao":0,"w":101,"h":83,"ip":0,"op":1798.20007324219,"st":0,"bm":0},{"ddd":0,"ind":2,"ty":0,"nm":"glasses","refId":"comp_1","sr":1,"ks":{"o":{"a":0,"k":100,"ix":11},"r":{"a":1,"k":[{"i":{"x":[0.833],"y":[0.833]},"o":{"x":[0.333],"y":[0]},"t":8,"s":[0]},{"i":{"x":[0.833],"y":[0.833]},"o":{"x":[0.333],"y":[0]},"t":21,"s":[2]},{"i":{"x":[0.833],"y":[0.833]},"o":{"x":[0.333],"y":[0]},"t":30,"s":[-4]},{"i":{"x":[0.833],"y":[1]},"o":{"x":[0.333],"y":[0]},"t":38,"s":[0]},{"i":{"x":[0.833],"y":[0.833]},"o":{"x":[0.333],"y":[0]},"t":106,"s":[0]},{"i":{"x":[0.833],"y":[0.833]},"o":{"x":[0.333],"y":[0]},"t":119,"s":[2]},{"i":{"x":[0.833],"y":[0.833]},"o":{"x":[0.333],"y":[0]},"t":128,"s":[-4]},{"t":136.000005539394,"s":[0]}],"ix":10},"p":{"a":0,"k":[90,110,0],"ix":2},"a":{"a":0,"k":[90,110,0],"ix":1},"s":{"a":0,"k":[100,100,100],"ix":6}},"ao":0,"w":180,"h":220,"ip":0,"op":210.000008553475,"st":0,"bm":0},{"ddd":0,"ind":3,"ty":4,"nm":"Path 4483","sr":1,"ks":{"o":{"a":0,"k":100,"ix":11},"r":{"a":0,"k":0,"ix":10},"p":{"a":1,"k":[{"i":{"x":0.833,"y":0.833},"o":{"x":0.333,"y":0},"t":0,"s":[149.273,73.541,0],"to":[0.875,-0.917,0],"ti":[0,0,0]},{"i":{"x":0.833,"y":0.833},"o":{"x":0.333,"y":0},"t":15,"s":[154.523,68.041,0],"to":[0,0,0],"ti":[0.875,-0.917,0]},{"i":{"x":0.833,"y":0.833},"o":{"x":0.167,"y":0.167},"t":30,"s":[149.273,73.541,0],"to":[0,0,0],"ti":[0,0,0]},{"i":{"x":0.833,"y":0.833},"o":{"x":0.333,"y":0},"t":102,"s":[149.273,73.541,0],"to":[0.875,-0.917,0],"ti":[0,0,0]},{"i":{"x":0.833,"y":0.833},"o":{"x":0.333,"y":0},"t":117,"s":[154.523,68.041,0],"to":[0,0,0],"ti":[0.875,-0.917,0]},{"t":132.00000537647,"s":[149.273,73.541,0]}],"ix":2},"a":{"a":0,"k":[6.473,6.353,0],"ix":1},"s":{"a":1,"k":[{"i":{"x":[0.833,0.833,0.833],"y":[0.833,0.833,0.855]},"o":{"x":[0.333,0.333,0.333],"y":[0,0,0]},"t":0,"s":[100,100,100]},{"i":{"x":[0.833,0.833,0.833],"y":[0.833,0.833,1.145]},"o":{"x":[0.333,0.333,0.333],"y":[0,0,0]},"t":15,"s":[116,116,100]},{"i":{"x":[0.833,0.833,0.833],"y":[1,1,1]},"o":{"x":[0.167,0.167,0.167],"y":[0,0,0]},"t":30,"s":[100,100,100]},{"i":{"x":[0.833,0.833,0.833],"y":[0.833,0.833,1]},"o":{"x":[0.333,0.333,0.333],"y":[0,0,0]},"t":102,"s":[100,100,100]},{"i":{"x":[0.833,0.833,0.833],"y":[0.833,0.833,1]},"o":{"x":[0.333,0.333,0.333],"y":[0,0,0]},"t":117,"s":[116,116,100]},{"t":132.00000537647,"s":[100,100,100]}],"ix":6}},"ao":0,"shapes":[{"ty":"gr","it":[{"ind":0,"ty":"sh","ix":1,"ks":{"a":0,"k":{"i":[[0,0],[1.308,-1.455],[0,0],[-2.382,2.698],[1.789,1.594],[1.018,0.005],[0.82,0.731]],"o":[[-1.788,-1.594],[-2.406,2.677],[0,0],[1.295,-1.467],[-0.82,-0.731],[-0.123,-1.012],[0,0]],"v":[[6.9,0.893],[1.062,1.502],[1.089,12.299],[11.818,11.086],[11.752,5.216],[8.401,4.093],[6.9,0.893]],"c":true},"ix":2},"nm":"Path 1","mn":"ADBE Vector Shape - Group","hd":false},{"ty":"fl","c":{"a":0,"k":[0.827450980392,0.105882352941,0.360784313725,1],"ix":4},"o":{"a":0,"k":100,"ix":5},"r":1,"bm":0,"nm":"Fill 1","mn":"ADBE Vector Graphic - Fill","hd":false},{"ty":"tr","p":{"a":0,"k":[0,0],"ix":2},"a":{"a":0,"k":[0,0],"ix":1},"s":{"a":0,"k":[100,100],"ix":3},"r":{"a":0,"k":0,"ix":6},"o":{"a":0,"k":100,"ix":7},"sk":{"a":0,"k":0,"ix":4},"sa":{"a":0,"k":0,"ix":5},"nm":"Transform"}],"nm":"Path 4483","np":2,"cix":2,"bm":0,"ix":1,"mn":"ADBE Vector Group","hd":false}],"ip":0,"op":210.289508565267,"st":0,"bm":0},{"ddd":0,"ind":4,"ty":4,"nm":"Path 4484","sr":1,"ks":{"o":{"a":0,"k":100,"ix":11},"r":{"a":0,"k":0,"ix":10},"p":{"a":1,"k":[{"i":{"x":0.833,"y":0.833},"o":{"x":0.333,"y":0},"t":0,"s":[136.546,71.227,0],"to":[0,-2,0],"ti":[0,0,0]},{"i":{"x":0.833,"y":0.833},"o":{"x":0.333,"y":0},"t":15,"s":[136.546,59.227,0],"to":[0,0,0],"ti":[0,-2,0]},{"i":{"x":0.833,"y":0.833},"o":{"x":0.167,"y":0.167},"t":30,"s":[136.546,71.227,0],"to":[0,0,0],"ti":[0,0,0]},{"i":{"x":0.833,"y":0.833},"o":{"x":0.333,"y":0},"t":102,"s":[136.546,71.227,0],"to":[0,-2,0],"ti":[0,0,0]},{"i":{"x":0.833,"y":0.833},"o":{"x":0.333,"y":0},"t":117,"s":[136.546,59.227,0],"to":[0,0,0],"ti":[0,-2,0]},{"t":132.00000537647,"s":[136.546,71.227,0]}],"ix":2},"a":{"a":0,"k":[3.745,3.266,0],"ix":1},"s":{"a":1,"k":[{"i":{"x":[0.833,0.833,0.833],"y":[0.833,0.833,0.855]},"o":{"x":[0.333,0.333,0.333],"y":[0,0,0]},"t":0,"s":[100,100,100]},{"i":{"x":[0.833,0.833,0.833],"y":[0.833,0.833,1.145]},"o":{"x":[0.333,0.333,0.333],"y":[0,0,0]},"t":15,"s":[116,116,100]},{"i":{"x":[0.833,0.833,0.833],"y":[1,1,1]},"o":{"x":[0.167,0.167,0.167],"y":[0,0,0]},"t":30,"s":[100,100,100]},{"i":{"x":[0.833,0.833,0.833],"y":[0.833,0.833,1]},"o":{"x":[0.333,0.333,0.333],"y":[0,0,0]},"t":102,"s":[100,100,100]},{"i":{"x":[0.833,0.833,0.833],"y":[0.833,0.833,1]},"o":{"x":[0.333,0.333,0.333],"y":[0,0,0]},"t":117,"s":[116,116,100]},{"t":132.00000537647,"s":[100,100,100]}],"ix":6}},"ao":0,"shapes":[{"ty":"gr","it":[{"ind":0,"ty":"sh","ix":1,"ks":{"a":0,"k":{"i":[[0,0],[-0.054,-1.016],[0,0],[0.116,1.87],[1.245,-0.072],[0.377,-0.373],[0.571,-0.033]],"o":[[-1.245,0.072],[0.1,1.87],[0,0],[-0.063,-1.016],[-0.571,0.033],[-0.417,-0.327],[0,0]],"v":[[1.927,0.197],[0.003,2.569],[3.985,6.532],[7.487,2.138],[5.303,0.003],[3.656,0.822],[1.927,0.197]],"c":true},"ix":2},"nm":"Path 1","mn":"ADBE Vector Shape - Group","hd":false},{"ty":"fl","c":{"a":0,"k":[0.827450980392,0.105882352941,0.360784313725,1],"ix":4},"o":{"a":0,"k":100,"ix":5},"r":1,"bm":0,"nm":"Fill 1","mn":"ADBE Vector Graphic - Fill","hd":false},{"ty":"tr","p":{"a":0,"k":[0,0],"ix":2},"a":{"a":0,"k":[0,0],"ix":1},"s":{"a":0,"k":[100,100],"ix":3},"r":{"a":0,"k":0,"ix":6},"o":{"a":0,"k":100,"ix":7},"sk":{"a":0,"k":0,"ix":4},"sa":{"a":0,"k":0,"ix":5},"nm":"Transform"}],"nm":"Path 4484","np":2,"cix":2,"bm":0,"ix":1,"mn":"ADBE Vector Group","hd":false}],"ip":0,"op":210.289508565267,"st":0,"bm":0},{"ddd":0,"ind":5,"ty":4,"nm":"Path 4485","sr":1,"ks":{"o":{"a":0,"k":100,"ix":11},"r":{"a":0,"k":0,"ix":10},"p":{"a":1,"k":[{"i":{"x":0.833,"y":0.833},"o":{"x":0.333,"y":0},"t":0,"s":[155.851,85.524,0],"to":[1.75,0,0],"ti":[0,0,0]},{"i":{"x":0.833,"y":0.833},"o":{"x":0.333,"y":0},"t":15,"s":[166.351,85.524,0],"to":[0,0,0],"ti":[1.75,0,0]},{"i":{"x":0.833,"y":0.833},"o":{"x":0.167,"y":0.167},"t":30,"s":[155.851,85.524,0],"to":[0,0,0],"ti":[0,0,0]},{"i":{"x":0.833,"y":0.833},"o":{"x":0.333,"y":0},"t":102,"s":[155.851,85.524,0],"to":[1.75,0,0],"ti":[0,0,0]},{"i":{"x":0.833,"y":0.833},"o":{"x":0.333,"y":0},"t":117,"s":[166.351,85.524,0],"to":[0,0,0],"ti":[1.75,0,0]},{"t":132.00000537647,"s":[155.851,85.524,0]}],"ix":2},"a":{"a":0,"k":[3.266,3.745,0],"ix":1},"s":{"a":1,"k":[{"i":{"x":[0.833,0.833,0.833],"y":[0.833,0.833,0.855]},"o":{"x":[0.333,0.333,0.333],"y":[0,0,0]},"t":0,"s":[100,100,100]},{"i":{"x":[0.833,0.833,0.833],"y":[0.833,0.833,1.145]},"o":{"x":[0.333,0.333,0.333],"y":[0,0,0]},"t":15,"s":[116,116,100]},{"i":{"x":[0.833,0.833,0.833],"y":[1,1,1]},"o":{"x":[0.167,0.167,0.167],"y":[0,0,0]},"t":30,"s":[100,100,100]},{"i":{"x":[0.833,0.833,0.833],"y":[0.833,0.833,1]},"o":{"x":[0.333,0.333,0.333],"y":[0,0,0]},"t":102,"s":[100,100,100]},{"i":{"x":[0.833,0.833,0.833],"y":[0.833,0.833,1]},"o":{"x":[0.333,0.333,0.333],"y":[0,0,0]},"t":117,"s":[116,116,100]},{"t":132.00000537647,"s":[100,100,100]}],"ix":6}},"ao":0,"shapes":[{"ty":"gr","it":[{"ind":0,"ty":"sh","ix":1,"ks":{"a":0,"k":{"i":[[0,0],[1.017,-0.054],[0,0],[-1.87,0.116],[0.072,1.244],[0.373,0.377],[0.033,0.571]],"o":[[-0.071,-1.244],[-1.87,0.099],[0,0],[1.016,-0.063],[-0.033,-0.571],[0.327,-0.417],[0,0]],"v":[[6.334,1.927],[3.963,0.003],[0,3.986],[4.394,7.487],[6.529,5.303],[5.71,3.656],[6.334,1.927]],"c":true},"ix":2},"nm":"Path 1","mn":"ADBE Vector Shape - Group","hd":false},{"ty":"fl","c":{"a":0,"k":[0.827450980392,0.105882352941,0.360784313725,1],"ix":4},"o":{"a":0,"k":100,"ix":5},"r":1,"bm":0,"nm":"Fill 1","mn":"ADBE Vector Graphic - Fill","hd":false},{"ty":"tr","p":{"a":0,"k":[0,0],"ix":2},"a":{"a":0,"k":[0,0],"ix":1},"s":{"a":0,"k":[100,100],"ix":3},"r":{"a":0,"k":0,"ix":6},"o":{"a":0,"k":100,"ix":7},"sk":{"a":0,"k":0,"ix":4},"sa":{"a":0,"k":0,"ix":5},"nm":"Transform"}],"nm":"Path 4485","np":2,"cix":2,"bm":0,"ix":1,"mn":"ADBE Vector Group","hd":false}],"ip":0,"op":210.289508565267,"st":0,"bm":0},{"ddd":0,"ind":6,"ty":0,"nm":"ussta","refId":"comp_2","sr":1,"ks":{"o":{"a":0,"k":100,"ix":11},"r":{"a":0,"k":0,"ix":10},"p":{"a":0,"k":[90,110,0],"ix":2},"a":{"a":0,"k":[90,110,0],"ix":1},"s":{"a":0,"k":[100,100,100],"ix":6}},"ao":0,"w":180,"h":220,"ip":0,"op":210.000008553475,"st":0,"bm":0},{"ddd":0,"ind":7,"ty":4,"nm":"oko lewe","sr":1,"ks":{"o":{"a":0,"k":100,"ix":11},"r":{"a":0,"k":0,"ix":10},"p":{"a":0,"k":[118.098,96.076,0],"ix":2},"a":{"a":0,"k":[0,0,0],"ix":1},"s":{"a":1,"k":[{"i":{"x":[0.833,0.833,0.833],"y":[0.833,0.833,0.833]},"o":{"x":[0.167,0.167,0.167],"y":[0.167,0.167,0.167]},"t":14,"s":[100,100,100]},{"i":{"x":[0.833,0.833,0.833],"y":[0.833,0.833,0.833]},"o":{"x":[0.167,0.167,0.167],"y":[0.167,0.167,0.167]},"t":18,"s":[100,31.132,100]},{"i":{"x":[0.833,0.833,0.833],"y":[0.833,0.833,0.833]},"o":{"x":[0.167,0.167,0.167],"y":[0.167,0.167,0.167]},"t":23,"s":[100,100,100]},{"i":{"x":[0.833,0.833,0.833],"y":[0.833,0.833,0.833]},"o":{"x":[0.167,0.167,0.167],"y":[0.167,0.167,0.167]},"t":63,"s":[100,100,100]},{"i":{"x":[0.833,0.833,0.833],"y":[0.833,0.833,0.833]},"o":{"x":[0.167,0.167,0.167],"y":[0.167,0.167,0.167]},"t":67,"s":[100,31.132,100]},{"i":{"x":[0.833,0.833,0.833],"y":[0.833,0.833,0.833]},"o":{"x":[0.167,0.167,0.167],"y":[0.167,0.167,0.167]},"t":72,"s":[100,100,100]},{"i":{"x":[0.833,0.833,0.833],"y":[0.833,0.833,0.833]},"o":{"x":[0.167,0.167,0.167],"y":[0.167,0.167,0.167]},"t":128,"s":[100,100,100]},{"i":{"x":[0.833,0.833,0.833],"y":[0.833,0.833,0.833]},"o":{"x":[0.167,0.167,0.167],"y":[0.167,0.167,0.167]},"t":132,"s":[100,31.132,100]},{"i":{"x":[0.833,0.833,0.833],"y":[0.833,0.833,0.833]},"o":{"x":[0.167,0.167,0.167],"y":[0.167,0.167,0.167]},"t":137,"s":[100,100,100]},{"i":{"x":[0.833,0.833,0.833],"y":[0.833,0.833,0.833]},"o":{"x":[0.167,0.167,0.167],"y":[0.167,0.167,0.167]},"t":177,"s":[100,100,100]},{"i":{"x":[0.833,0.833,0.833],"y":[0.833,0.833,0.833]},"o":{"x":[0.167,0.167,0.167],"y":[0.167,0.167,0.167]},"t":181,"s":[100,31.132,100]},{"t":186.000007575935,"s":[100,100,100]}],"ix":6}},"ao":0,"shapes":[{"ty":"gr","it":[{"d":1,"ty":"el","s":{"a":0,"k":[12.524,12.524],"ix":2},"p":{"a":0,"k":[0,0],"ix":3},"nm":"Ellipse Path 1","mn":"ADBE Vector Shape - Ellipse","hd":false},{"ty":"fl","c":{"a":0,"k":[0.258823529412,0.109803921569,0.250980392157,1],"ix":4},"o":{"a":0,"k":100,"ix":5},"r":1,"bm":0,"nm":"Fill 1","mn":"ADBE Vector Graphic - Fill","hd":false},{"ty":"tr","p":{"a":0,"k":[0,0],"ix":2},"a":{"a":0,"k":[0,0],"ix":1},"s":{"a":0,"k":[100,100],"ix":3},"r":{"a":0,"k":0,"ix":6},"o":{"a":0,"k":100,"ix":7},"sk":{"a":0,"k":0,"ix":4},"sa":{"a":0,"k":0,"ix":5},"nm":"Transform"}],"nm":"Ellipse 956","np":2,"cix":2,"bm":0,"ix":1,"mn":"ADBE Vector Group","hd":false}],"ip":0,"op":210.000008553475,"st":0,"bm":0},{"ddd":0,"ind":8,"ty":4,"nm":"oko prawe","sr":1,"ks":{"o":{"a":0,"k":100,"ix":11},"r":{"a":0,"k":0,"ix":10},"p":{"a":0,"k":[65.324,94.575,0],"ix":2},"a":{"a":0,"k":[6.262,6.262,0],"ix":1},"s":{"a":1,"k":[{"i":{"x":[0.833,0.833,0.833],"y":[0.833,0.833,0.833]},"o":{"x":[0.167,0.167,0.167],"y":[0.167,0.167,0.167]},"t":14,"s":[100,100,100]},{"i":{"x":[0.833,0.833,0.833],"y":[0.833,0.833,0.833]},"o":{"x":[0.167,0.167,0.167],"y":[0.167,0.167,0.167]},"t":18,"s":[100,31.132,100]},{"i":{"x":[0.833,0.833,0.833],"y":[0.833,0.833,0.833]},"o":{"x":[0.167,0.167,0.167],"y":[0.167,0.167,0.167]},"t":23,"s":[100,100,100]},{"i":{"x":[0.833,0.833,0.833],"y":[0.833,0.833,0.833]},"o":{"x":[0.167,0.167,0.167],"y":[0.167,0.167,0.167]},"t":63,"s":[100,100,100]},{"i":{"x":[0.833,0.833,0.833],"y":[0.833,0.833,0.833]},"o":{"x":[0.167,0.167,0.167],"y":[0.167,0.167,0.167]},"t":67,"s":[100,31.132,100]},{"i":{"x":[0.833,0.833,0.833],"y":[0.833,0.833,0.833]},"o":{"x":[0.167,0.167,0.167],"y":[0.167,0.167,0.167]},"t":72,"s":[100,100,100]},{"i":{"x":[0.833,0.833,0.833],"y":[0.833,0.833,0.833]},"o":{"x":[0.167,0.167,0.167],"y":[0.167,0.167,0.167]},"t":128,"s":[100,100,100]},{"i":{"x":[0.833,0.833,0.833],"y":[0.833,0.833,0.833]},"o":{"x":[0.167,0.167,0.167],"y":[0.167,0.167,0.167]},"t":132,"s":[100,31.132,100]},{"i":{"x":[0.833,0.833,0.833],"y":[0.833,0.833,0.833]},"o":{"x":[0.167,0.167,0.167],"y":[0.167,0.167,0.167]},"t":137,"s":[100,100,100]},{"i":{"x":[0.833,0.833,0.833],"y":[0.833,0.833,0.833]},"o":{"x":[0.167,0.167,0.167],"y":[0.167,0.167,0.167]},"t":177,"s":[100,100,100]},{"i":{"x":[0.833,0.833,0.833],"y":[0.833,0.833,0.833]},"o":{"x":[0.167,0.167,0.167],"y":[0.167,0.167,0.167]},"t":181,"s":[100,31.132,100]},{"t":186.000007575935,"s":[100,100,100]}],"ix":6}},"ao":0,"shapes":[{"ty":"gr","it":[{"ind":0,"ty":"sh","ix":1,"ks":{"a":0,"k":{"i":[[-3.458,0],[0,-3.458],[3.458,0],[0,3.458]],"o":[[3.458,0],[0,3.458],[-3.458,0],[0,-3.458]],"v":[[6.262,0],[12.524,6.262],[6.262,12.524],[0,6.262]],"c":true},"ix":2},"nm":"Path 1","mn":"ADBE Vector Shape - Group","hd":false},{"ty":"fl","c":{"a":0,"k":[0.258823529412,0.109803921569,0.250980392157,1],"ix":4},"o":{"a":0,"k":100,"ix":5},"r":1,"bm":0,"nm":"Fill 1","mn":"ADBE Vector Graphic - Fill","hd":false},{"ty":"tr","p":{"a":0,"k":[0,0],"ix":2},"a":{"a":0,"k":[0,0],"ix":1},"s":{"a":0,"k":[100,100],"ix":3},"r":{"a":0,"k":0,"ix":6},"o":{"a":0,"k":100,"ix":7},"sk":{"a":0,"k":0,"ix":4},"sa":{"a":0,"k":0,"ix":5},"nm":"Transform"}],"nm":"Path 4557","np":2,"cix":2,"bm":0,"ix":1,"mn":"ADBE Vector Group","hd":false}],"ip":0,"op":210.000008553475,"st":0,"bm":0},{"ddd":0,"ind":9,"ty":4,"nm":"Path 4473","sr":1,"ks":{"o":{"a":0,"k":100,"ix":11},"r":{"a":0,"k":0,"ix":10},"p":{"a":0,"k":[125.049,126.501,0],"ix":2},"a":{"a":0,"k":[46.35,76,0],"ix":1},"s":{"a":0,"k":[100,100,100],"ix":6}},"ao":0,"shapes":[{"ty":"gr","it":[{"ind":0,"ty":"sh","ix":1,"ks":{"a":0,"k":{"i":[[4.907,0.714],[0,0],[1.307,2.651],[0,0],[1.767,0.874],[2.2,-4.446],[0,0],[-2.559,-1.267],[-0.752,-1.521],[0,0],[-2.519,-0.365],[0,0],[0.614,-4.225],[1.218,-1.187],[0,0],[-0.43,-2.508],[0,0],[4.209,-0.72],[0.54,0.022],[0,0],[-1.945,0.332],[0.837,4.889],[0,0],[-2.116,2.063],[0,0],[-0.284,1.955]],"o":[[0,0],[-2.925,-0.424],[0,0],[-0.874,-1.767],[-4.445,-2.2],[0,0],[2.221,-1.469],[1.521,0.752],[0,0],[1.125,2.283],[0,0],[4.224,0.614],[-0.244,1.682],[0,0],[-1.822,1.776],[0,0],[0.721,4.208],[-0.539,0.092],[0,0],[1.747,0.919],[4.889,-0.836],[0,0],[-0.5,-2.913],[0,0],[1.414,-1.378],[0.714,-4.906]],"v":[[85.013,51.294],[45.661,45.576],[38.899,40.664],[21.302,5.005],[17.232,0.934],[5.199,5],[0,15.537],[7.699,15.051],[11.203,18.556],[26.353,49.254],[32.174,53.483],[66.053,58.407],[72.589,67.168],[70.335,71.591],[45.823,95.486],[43.598,102.33],[49.388,136.071],[43.071,144.994],[41.449,145.092],[52.626,150.969],[58.318,151.872],[65.656,141.506],[58.931,102.314],[61.514,94.365],[89.987,66.609],[92.605,61.471]],"c":true},"ix":2},"nm":"Path 1","mn":"ADBE Vector Shape - Group","hd":false},{"ty":"fl","c":{"a":0,"k":[0.996078431373,0.647058823529,0.278431372549,1],"ix":4},"o":{"a":0,"k":100,"ix":5},"r":1,"bm":0,"nm":"Fill 1","mn":"ADBE Vector Graphic - Fill","hd":false},{"ty":"tr","p":{"a":0,"k":[0,0],"ix":2},"a":{"a":0,"k":[0,0],"ix":1},"s":{"a":0,"k":[100,100],"ix":3},"r":{"a":0,"k":0,"ix":6},"o":{"a":0,"k":100,"ix":7},"sk":{"a":0,"k":0,"ix":4},"sa":{"a":0,"k":0,"ix":5},"nm":"Transform"}],"nm":"Path 4473","np":2,"cix":2,"bm":0,"ix":1,"mn":"ADBE Vector Group","hd":false}],"ip":0,"op":210.000008553475,"st":0,"bm":0},{"ddd":0,"ind":10,"ty":4,"nm":"polly","sr":1,"ks":{"o":{"a":0,"k":100,"ix":11},"r":{"a":0,"k":0,"ix":10},"p":{"a":0,"k":[91.949,126.5,0],"ix":2},"a":{"a":0,"k":[79.449,76,0],"ix":1},"s":{"a":0,"k":[100,100,100],"ix":6}},"ao":0,"shapes":[{"ty":"gr","it":[{"ind":0,"ty":"sh","ix":1,"ks":{"a":0,"k":{"i":[[-0.874,-1.767],[0,0],[-2.925,-0.424],[0,0],[0.713,-4.908],[1.414,-1.378],[0,0],[-0.499,-2.914],[0,0],[4.889,-0.836],[1.747,0.918],[0,0],[2.615,-1.377],[0,0],[2.307,4.389],[-0.334,1.945],[0,0],[2.114,2.065],[0,0],[-3.461,3.551],[-1.955,0.283],[0,0],[-1.308,2.651],[0,0],[-4.446,-2.2]],"o":[[0,0],[1.307,2.651],[0,0],[4.907,0.713],[-0.284,1.953],[0,0],[-2.116,2.064],[0,0],[0.836,4.888],[-1.946,0.333],[0,0],[-2.616,-1.377],[0,0],[-4.389,2.307],[-0.919,-1.748],[0,0],[0.499,-2.913],[0,0],[-3.551,-3.461],[1.379,-1.414],[0,0],[2.924,-0.425],[0,0],[2.199,-4.447],[1.767,0.874]],"v":[[87.5,5.005],[105.098,40.664],[111.86,45.576],[151.211,51.294],[158.804,61.472],[156.186,66.609],[127.713,94.364],[125.13,102.315],[131.856,141.506],[124.518,151.871],[118.824,150.969],[83.629,132.464],[75.271,132.464],[40.073,150.969],[27.949,147.198],[27.048,141.502],[33.768,102.311],[31.187,94.361],[2.711,66.605],[2.549,53.908],[7.689,51.29],[47.041,45.572],[53.801,40.66],[71.398,5.001],[83.431,0.933]],"c":true},"ix":2},"nm":"Path 1","mn":"ADBE Vector Shape - Group","hd":false},{"ty":"fl","c":{"a":0,"k":[1,0.756862745098,0.23137254902,1],"ix":4},"o":{"a":0,"k":100,"ix":5},"r":1,"bm":0,"nm":"Fill 1","mn":"ADBE Vector Graphic - Fill","hd":false},{"ty":"tr","p":{"a":0,"k":[0,0],"ix":2},"a":{"a":0,"k":[0,0],"ix":1},"s":{"a":0,"k":[100,100],"ix":3},"r":{"a":0,"k":0,"ix":6},"o":{"a":0,"k":100,"ix":7},"sk":{"a":0,"k":0,"ix":4},"sa":{"a":0,"k":0,"ix":5},"nm":"Transform"}],"nm":"polly","np":2,"cix":2,"bm":0,"ix":1,"mn":"ADBE Vector Group","hd":false}],"ip":0,"op":210.000008553475,"st":0,"bm":0},{"ddd":0,"ind":11,"ty":4,"nm":"Ellipse 1105","sr":1,"ks":{"o":{"a":0,"k":100,"ix":11},"r":{"a":0,"k":0,"ix":10},"p":{"a":0,"k":[91,203.25,0],"ix":2},"a":{"a":0,"k":[0,0,0],"ix":1},"s":{"a":0,"k":[100,100,100],"ix":6}},"ao":0,"shapes":[{"ty":"gr","it":[{"d":1,"ty":"el","s":{"a":0,"k":[146,24],"ix":2},"p":{"a":0,"k":[0,0],"ix":3},"nm":"Ellipse Path 1","mn":"ADBE Vector Shape - Ellipse","hd":false},{"ty":"op","nm":"Offset Paths 1","a":{"a":0,"k":-0.5,"ix":1},"lj":1,"ml":{"a":0,"k":4,"ix":3},"ix":3,"mn":"ADBE Vector Filter - Offset","hd":false},{"ty":"tr","p":{"a":0,"k":[0,0],"ix":2},"a":{"a":0,"k":[0,0],"ix":1},"s":{"a":0,"k":[100,100],"ix":3},"r":{"a":0,"k":0,"ix":6},"o":{"a":0,"k":100,"ix":7},"sk":{"a":0,"k":0,"ix":4},"sa":{"a":0,"k":0,"ix":5},"nm":"Transform"}],"nm":"Ellipse 1105 Stroke","np":3,"cix":2,"bm":0,"ix":1,"mn":"ADBE Vector Group","hd":false},{"ty":"gr","it":[{"d":1,"ty":"el","s":{"a":0,"k":[146,24],"ix":2},"p":{"a":0,"k":[0,0],"ix":3},"nm":"Ellipse Path 1","mn":"ADBE Vector Shape - Ellipse","hd":false},{"ty":"fl","c":{"a":0,"k":[0.862745098039,0.862745098039,0.862745098039,1],"ix":4},"o":{"a":0,"k":100,"ix":5},"r":1,"bm":0,"nm":"Fill 1","mn":"ADBE Vector Graphic - Fill","hd":false},{"ty":"tr","p":{"a":0,"k":[0,0],"ix":2},"a":{"a":0,"k":[0,0],"ix":1},"s":{"a":0,"k":[100,100],"ix":3},"r":{"a":0,"k":0,"ix":6},"o":{"a":0,"k":100,"ix":7},"sk":{"a":0,"k":0,"ix":4},"sa":{"a":0,"k":0,"ix":5},"nm":"Transform"}],"nm":"Ellipse 1105 Fill","np":2,"cix":2,"bm":0,"ix":2,"mn":"ADBE Vector Group","hd":false}],"ip":0,"op":1798.20007324219,"st":0,"bm":0}],"markers":[]}